-- Cat Cafe Synthetic Data

-- Generated on 2025-04-27 14:09:15


USE catcafe;


-- Person data
INSERT INTO person (person_id, first_name, last_name, phone_number, email, address)
VALUES
(1, 'Danielle', 'Johnson', '(754) 214-1409', 'john21@example.net', '600 Jeffery Parkways, New Jamesside, MT 29394'),
(2, 'Shane', 'Ramirez', '(859) 381-5012', 'blakeerik@example.com', '51161 Abbott Rapids, Lindsaymouth, ND 16862'),
(3, 'Teresa', 'Gray', '(328) 242-2679', 'maria95@example.net', '34131 Ramirez Roads, Franciscostad, IL 88342'),
(4, 'Joseph', 'Zuniga', '(792) 858-9935', 'lynchgeorge@example.net', '4835 Jeremy Bypass Suite 641, New Nancy, MD 28370'),
(5, 'Diana', 'Foster', '(189) 704-7912', 'ithomas@example.org', '969 Cox Dam Suite 101, Lake Ernest, TX 55834'),
(6, 'Candace', 'Cruz', '(132) 130-2535', 'jrice@example.org', '845 Kelly Estate, Smithview, NY 23917'),
(7, 'William', 'Rodriguez', '(323) 338-9279', 'meagan89@example.org', '809 Burns Creek, Natashaport, IA 08093'),
(8, 'John', 'Bradley', '(716) 127-4257', 'millertodd@example.org', 'Unit 8227 Box 8248, DPO AP 55962'),
(9, 'Tamara', 'Hickman', '(833) 765-9928', 'jenniferross@example.net', '713 Caleb Brooks Apt. 930, Lake Crystalbury, CA 04618'),
(10, 'Michele', 'Jones', '(529) 325-8359', 'joshuawashington@example.net', '76311 Gomez Loop Suite 010, Chandlerville, IA 25613'),
(11, 'James', 'West', '(703) 384-1106', 'dwhite@example.org', '8108 Tanya Terrace, East Richard, NJ 28517'),
(12, 'Michelle', 'Barrera', '(877) 925-3615', 'nicholasgalloway@example.com', 'PSC 7468, Box 7234, APO AE 08166'),
(13, 'Beth', 'Daniels', '(814) 532-6574', 'brian97@example.net', 'PSC 8208, Box 1219, APO AE 89002'),
(14, 'Michelle', 'Powell', '(384) 259-4527', 'bethwilliams@example.org', '3534 Anderson Rue Suite 751, South Christineshire, CT 10103'),
(15, 'Amanda', 'Wagner', '(881) 444-2674', 'sarahibarra@example.org', '8498 Elizabeth Plaza, Sarahville, FM 18102'),
(16, 'Joseph', 'Preston', '(194) 489-2584', 'josephjacobs@example.net', '740 Cynthia Village Suite 005, Lake Tina, GA 97655'),
(17, 'Scott', 'Thornton', '(467) 967-6635', 'rodriguezsierra@example.net', 'PSC 8059, Box 8262, APO AE 40905'),
(18, 'Michael', 'Fitzpatrick', '(718) 370-1711', 'nolanjason@example.org', '692 Michelle Union Apt. 602, Kimberlychester, AS 88307'),
(19, 'Michelle', 'Cochran', '(847) 570-9785', 'erik16@example.org', '75433 Donna Locks, Joshualand, WI 37086'),
(20, 'Michael', 'Hicks', '(227) 487-2291', 'sheila14@example.org', '19655 Obrien Pass Apt. 693, Bradleychester, AL 68647'),
(21, 'Sara', 'Ryan', '(665) 400-6925', 'michaeljones@example.net', 'PSC 9514, Box 8465, APO AA 91885'),
(22, 'Kenneth', 'Martinez', '(691) 296-2139', 'yortega@example.net', '946 Kevin Fords, Floydmouth, NH 58406'),
(23, 'Scott', 'Lewis', '(146) 777-4733', 'yleon@example.net', '8951 Emily Fork, East Andrew, IA 62778'),
(24, 'Cheryl', 'Mack', '(891) 396-2307', 'operry@example.net', '6320 Kimberly Forges Apt. 870, Port David, DC 61402'),
(25, 'Elizabeth', 'Travis', '(975) 338-2654', 'stephanie79@example.net', '727 Green Gateway Suite 873, Scottport, IA 36115'),
(26, 'Matthew', 'Orozco', '(489) 384-8428', 'taylorjesse@example.net', '66587 Brown Village, Priceshire, UT 03061'),
(27, 'Melissa', 'Cannon', '(750) 954-6977', 'wwoods@example.com', '893 Robinson Mews Suite 065, Ramseymouth, PW 17229'),
(28, 'Tina', 'Ferguson', '(266) 479-6820', 'qvargas@example.org', '72046 Lewis Islands Suite 646, Maryfort, AK 98677'),
(29, 'Amber', 'Cooke', '(314) 786-5374', 'jeffrey10@example.org', 'USNS Combs, FPO AP 20474'),
(30, 'John', 'Wells', '(818) 799-2169', 'elliottjeffery@example.net', '99124 Beth Inlet Suite 631, North Heidi, ME 90188'),
(31, 'Caroline', 'Martinez', '(723) 750-3803', 'reedross@example.com', '67165 Zimmerman Mews Apt. 849, Marshallshire, KY 42746'),
(32, 'Melissa', 'Rivas', '(646) 846-5010', 'ramirezshannon@example.com', '0752 Lewis Union Suite 549, Angelahaven, ID 11722'),
(33, 'John', 'Russell', '(267) 573-7216', 'hannahbrewer@example.com', '43634 Kennedy Pines, Ronaldside, MA 46613'),
(34, 'Jacqueline', 'Nelson', '(376) 755-4598', 'jerry35@example.org', '37498 Hooper Village, West Jeremy, HI 40119'),
(35, 'Alexis', 'Ferguson', '(801) 432-1916', 'brandon08@example.com', '710 Harrison Mill, Jackton, KS 63117'),
(36, 'Danny', 'Jones', '(334) 941-1525', 'ojones@example.net', '413 Angela Mall, Port Alexandra, NV 58529'),
(37, 'Kenneth', 'Chapman', '(924) 423-7572', 'ntorres@example.org', '34123 Andrea Estate, South Shannonfort, LA 04779'),
(38, 'Jesse', 'Mann', '(374) 167-4456', 'ojones@example.com', '1832 Serrano Cliffs, East Laurashire, PW 38329'),
(39, 'Scott', 'Harrison', '(680) 997-6155', 'holly48@example.net', '065 Johnson Forks, Port Emilyview, OK 05774'),
(40, 'Kathryn', 'Thompson', '(317) 771-9179', 'lmoon@example.net', '75655 Mia Isle Suite 746, South Christopherview, MD 15695'),
(41, 'Tara', 'Powell', '(505) 758-8517', 'sandovalamy@example.com', '770 Joseph Curve Suite 771, Lake Chelseabury, VT 21259'),
(42, 'Lance', 'Smith', '(246) 371-3287', 'hdavis@example.com', 'USNS Jimenez, FPO AP 38755'),
(43, 'William', 'Hill', '(352) 862-9830', 'pbaird@example.com', '98214 Morgan Turnpike Suite 044, Grimesmouth, ND 63984'),
(44, 'Michael', 'Arnold', '(369) 864-8019', 'ugibson@example.org', 'Unit 3963 Box 6057, DPO AP 50469'),
(45, 'Paul', 'Alvarado', '(697) 508-6930', 'tylerjohnson@example.net', 'Unit 5171 Box 8702, DPO AA 86324'),
(46, 'Tara', 'Jones', '(324) 241-9348', 'matthew61@example.com', '7809 Jimmy Spur Suite 316, Port Cynthiaville, NV 22306'),
(47, 'Heather', 'Berger', '(605) 193-1771', 'nguyenbrian@example.com', '86922 Christian Ways, Harveybury, NM 76936'),
(48, 'Douglas', 'Murray', '(981) 212-3504', 'steve07@example.com', '75946 Bryant Hollow, South Melissa, CT 31592'),
(49, 'Patrick', 'Howard', '(742) 263-7916', 'victoria40@example.net', '097 Parsons Forks, Jefferyborough, RI 33351'),
(50, 'Erica', 'Le', '(710) 165-7304', 'courtneyberger@example.net', '95214 Burgess Extensions Apt. 285, Mariaview, PW 63657');


-- Customer data
INSERT INTO customer (person_id)
VALUES
(1),
(4),
(5),
(7),
(8),
(10),
(11),
(12),
(17),
(18),
(19),
(20),
(21),
(22),
(25),
(27),
(28),
(30),
(31),
(33),
(34),
(35),
(36),
(37),
(39),
(42),
(43),
(44),
(46),
(48);


-- Employee data
INSERT INTO employee (person_id, ssn, position_title, full_time_flag, work_hours, start_date, supervisor_id)
VALUES
(2, '878-78-3060', 'Manager', 1, 40.0, '2025-02-26', NULL),
(3, '662-31-5342', 'Receptionist', 1, 40.0, '2021-10-17', NULL),
(6, '316-79-4295', 'Cleaner', 1, 40.0, '2024-09-02', NULL),
(9, '508-95-7118', 'Cat Attendant', 1, 40.0, '2024-05-04', 2),
(13, '353-38-2049', 'Assistant Manager', 0, 21.77, '2022-08-29', 3),
(14, '702-38-1117', 'Barista', 0, 14.58, '2020-09-10', 2),
(15, '980-52-2160', 'Receptionist', 0, 15.57, '2024-02-02', 9),
(16, '319-79-3167', 'Cleaner', 1, 40.0, '2021-06-12', 3),
(23, '903-70-7669', 'Manager', 0, 11.94, '2023-09-13', 15),
(24, '462-64-7735', 'Cat Attendant', 0, 23.47, '2023-09-10', 3),
(26, '162-61-6559', 'Barista', 0, 13.83, '2022-04-22', 23),
(29, '559-27-7912', 'Manager', 1, 40.0, '2024-07-19', 16),
(32, '355-19-8260', 'Receptionist', 0, 11.01, '2023-02-08', 23),
(38, '956-11-2528', 'Manager', 0, 18.13, '2020-10-07', 16),
(40, '318-61-1960', 'Manager', 1, 40.0, '2022-04-16', 2),
(41, '499-43-8454', 'Assistant Manager', 1, 40.0, '2021-08-22', 29),
(45, '848-81-8973', 'Manager', 0, 15.93, '2020-12-07', 3),
(47, '693-79-1998', 'Cleaner', 1, 40.0, '2022-02-28', 3),
(49, '151-84-8811', 'Receptionist', 0, 11.14, '2024-01-24', 45),
(50, '182-33-2122', 'Receptionist', 0, 23.5, '2021-08-17', 16);


-- Shelter data
INSERT INTO shelter (name, address)
VALUES
('Whisker Haven', '37098 Herman Forges Apt. 746, East Brandonton, ME 65070'),
('Paws & Claws Sanctuary', '267 Santiago Summit, Matthewsberg, FM 54880'),
('Furry Friends Rescue', '640 Robinson Mills Apt. 515, Bruceview, ID 16512'),
('Meow Manor', 'USCGC Davis, FPO AE 84610'),
('Cat''s Cradle Shelter', '53293 Maria Plaza, New Jason, VI 31040');


-- Care Specialist data
INSERT INTO care_specialist (person_id, shelter_id)
VALUES
(32, 3),
(9, 3),
(16, 2),
(3, 3),
(6, 2),
(15, 3),
(26, 4),
(24, 2),
(50, 3),
(23, 4);


-- Behaviorist data
INSERT INTO behaviorist (person_id)
VALUES
(50),
(16),
(26),
(24),
(23);


-- Groomer data
INSERT INTO groomer (person_id)
VALUES
(26),
(24),
(23),
(6),
(3);


-- Veterinarian data
INSERT INTO veterinarian (person_id)
VALUES
(6),
(3),
(32),
(9),
(15);


-- Cat data
INSERT INTO cat (shelter_id, name, gender, breed, description, energy_level, first_day_in_cafe, last_day_in_cafe)
VALUES
(NULL, 'Luna', 'F', 'Persian', 'A calm Persian with beautiful white fur.', 'High', '2023-12-20', NULL),
(NULL, 'Oliver', 'F', 'Abyssinian', 'A friendly Abyssinian with beautiful calico fur.', 'Variable', '2023-08-11', NULL),
(NULL, 'Leo', 'M', 'Ragdoll', 'A sweet Ragdoll with beautiful calico fur.', 'Variable', '2025-02-06', NULL),
(3, 'Bella', 'M', 'Russian Blue', 'A calm Russian Blue with striking calico fur.', 'High', '2023-04-29', NULL),
(NULL, 'Charlie', 'M', 'Maine Coon', 'A friendly Maine Coon with sleek tuxedo fur.', 'High', '2025-01-07', NULL),
(4, 'Lucy', 'M', 'Norwegian Forest Cat', 'A calm Norwegian Forest Cat with striking calico fur.', 'Very High', '2023-08-09', NULL),
(5, 'Max', 'M', 'Maine Coon', 'A friendly Maine Coon with striking tabby fur.', 'Low', '2023-07-30', NULL),
(2, 'Lily', 'F', 'Persian', 'A sweet Persian with soft gray fur.', 'Low', '2023-10-25', NULL),
(2, 'Simon', 'M', 'Bengal', 'A shy Bengal with sleek tabby fur.', 'Medium', '2023-08-31', NULL),
(4, 'Sophie', 'M', 'Devon Rex', 'A energetic Devon Rex with beautiful white fur.', 'High', '2024-08-17', NULL),
(2, 'Jack', 'M', 'Ragdoll', 'A playful Ragdoll with beautiful orange fur.', 'Low', '2023-05-15', '2023-05-25'),
(4, 'Chloe', 'F', 'Bengal', 'A calm Bengal with striking white fur.', 'Low', '2024-11-18', NULL),
(5, 'Milo', 'M', 'Burmese', 'A calm Burmese with soft calico fur.', 'Variable', '2023-10-16', NULL),
(NULL, 'Zoe', 'M', 'Maine Coon', 'A calm Maine Coon with striking tabby fur.', 'High', '2023-12-17', NULL),
(NULL, 'Oscar', 'F', 'Russian Blue', 'A calm Russian Blue with sleek tabby fur.', 'Variable', '2023-08-31', NULL),
(5, 'Cleo', 'M', 'Ragdoll', 'A sweet Ragdoll with sleek black fur.', 'Variable', '2023-06-03', NULL),
(1, 'Felix', 'M', 'Bengal', 'A energetic Bengal with beautiful calico fur.', 'High', '2024-10-15', NULL),
(5, 'Stella', 'F', 'Scottish Fold', 'A calm Scottish Fold with sleek gray fur.', 'Very High', '2024-05-11', '2025-01-27'),
(5, 'Simba', 'F', 'Norwegian Forest Cat', 'A energetic Norwegian Forest Cat with striking tabby fur.', 'Variable', '2024-04-05', NULL),
(3, 'Ruby', 'F', 'Ragdoll', 'A playful Ragdoll with sleek tuxedo fur.', 'Variable', '2024-11-10', NULL),
(3, 'Sam', 'F', 'Norwegian Forest Cat', 'A playful Norwegian Forest Cat with sleek tuxedo fur.', 'Medium', '2024-05-02', NULL),
(NULL, 'Molly', 'F', 'Maine Coon', 'A playful Maine Coon with soft white fur.', 'Medium', '2023-07-14', '2024-06-07'),
(NULL, 'Jasper', 'F', 'Abyssinian', 'A sweet Abyssinian with sleek orange fur.', 'Variable', '2025-03-11', NULL),
(1, 'Daisy', 'F', 'Sphynx', 'A playful Sphynx with striking calico fur.', 'Low', '2023-05-28', NULL),
(NULL, 'Loki', 'M', 'Persian', 'A friendly Persian with sleek black fur.', 'Variable', '2024-11-14', NULL),
(5, 'Willow', 'F', 'Persian', 'A energetic Persian with soft tuxedo fur.', 'Very High', '2025-01-13', NULL),
(3, 'Tigger', 'F', 'Devon Rex', 'A playful Devon Rex with sleek orange fur.', 'High', '2024-05-08', NULL),
(2, 'Pepper', 'F', 'Norwegian Forest Cat', 'A playful Norwegian Forest Cat with soft orange fur.', 'Low', '2024-03-23', NULL),
(NULL, 'Gizmo', 'F', 'Devon Rex', 'A shy Devon Rex with beautiful white fur.', 'Medium', '2025-03-24', NULL),
(1, 'Shadow', 'M', 'Maine Coon', 'A energetic Maine Coon with sleek gray fur.', 'Variable', '2023-06-10', NULL);


-- Medical Record data (weak entity)
INSERT INTO medical_record (cat_id, record_id, recorded_at, weight_kg, vaccinations, allergies, notes)
VALUES
(1, 4, '2024-04-11 23:54:54.428302', 7.52, NULL, 'None known', 'Recovering well from procedure'),
(1, 4, '2024-02-15 11:35:42.347395', 5.38, 'FVRCP', 'Fish', 'Regular grooming needed'),
(1, 4, '2024-09-10 06:57:58.106994', 5.69, NULL, NULL, 'Minor dental issues noted'),
(1, 4, '2024-04-20 05:47:32.598504', 4.1, 'Rabies booster', 'Dairy', 'Healthy checkup, no concerns'),
(2, 3, '2025-02-20 15:04:20.806741', 6.34, 'Rabies booster', 'Chicken', 'Regular grooming needed'),
(2, 2, '2023-06-20 19:02:17.231786', 7.9, NULL, 'None known', 'Regular grooming needed'),
(2, 5, '2023-06-26 03:00:50.533933', 5.82, 'FVRCP, Rabies', 'None known', NULL),
(2, 4, '2024-07-15 11:00:45.414161', 3.68, 'Rabies booster', 'Chicken', 'Healthy checkup, no concerns'),
(3, 4, '2023-06-15 02:08:36.793546', 4.64, 'Rabies booster', 'Fish', 'Slightly overweight, diet recommended'),
(3, 4, '2023-11-15 00:04:57.587653', 4.39, 'Rabies booster', 'Fish', 'Healthy checkup, no concerns'),
(3, 4, '2024-08-02 13:25:53.113024', 3.1, NULL, 'None known', 'Slightly overweight, diet recommended'),
(4, 1, '2024-06-01 16:09:21.446331', 6.91, 'FVRCP, Rabies', 'None known', 'Minor dental issues noted'),
(4, 2, '2023-12-21 15:37:45.371700', 7.2, NULL, 'Chicken', 'Minor dental issues noted'),
(5, 4, '2025-04-23 15:58:14.019951', 6.35, NULL, 'Chicken', 'Regular grooming needed'),
(5, 3, '2024-05-19 16:06:07.103631', 6.83, 'FVRCP, Rabies, FeLV', NULL, 'Recovering well from procedure'),
(6, 1, '2024-03-24 12:57:18.303118', 6.89, 'FVRCP, Rabies, FeLV', 'Fish', 'Healthy checkup, no concerns'),
(6, 5, '2024-07-13 08:41:09.855614', 3.13, 'FVRCP', NULL, NULL),
(6, 4, '2023-07-09 13:23:00.064183', 4.98, 'FVRCP, Rabies, FeLV', 'None known', 'Recovering well from procedure'),
(6, 2, '2024-09-21 17:53:38.682583', 3.51, 'FVRCP', NULL, 'Healthy checkup, no concerns'),
(6, 5, '2025-01-10 01:23:13.547108', 6.91, 'FVRCP', NULL, 'Regular grooming needed'),
(6, 3, '2024-08-15 14:11:33.703320', 3.34, 'FVRCP', 'None known', 'Regular grooming needed'),
(7, 1, '2024-11-09 19:43:10.735509', 5.17, 'FVRCP', 'Dairy', NULL),
(7, 2, '2024-10-05 16:03:12.896452', 5.18, NULL, 'Fish', 'Recovering well from procedure'),
(7, 5, '2023-10-02 04:18:55.276015', 6.87, 'Rabies booster', 'Dairy', NULL),
(7, 5, '2024-03-22 23:04:41.545237', 4.34, 'FVRCP, Rabies, FeLV', 'None known', 'Slightly overweight, diet recommended'),
(8, 2, '2023-10-12 00:28:25.807839', 6.75, NULL, NULL, NULL),
(8, 4, '2023-12-31 16:37:14.235269', 4.68, 'Rabies booster', 'Fish', 'Minor dental issues noted'),
(8, 4, '2024-03-24 09:09:33.310680', 4.06, 'FVRCP', 'Fish', 'Slightly overweight, diet recommended'),
(8, 5, '2024-02-25 23:33:54.144069', 6.51, 'FVRCP', NULL, 'Healthy checkup, no concerns'),
(9, 2, '2023-07-06 13:38:00.454719', 3.43, 'Rabies booster', 'Dairy', 'Recovering well from procedure'),
(9, 2, '2024-03-04 20:27:21.159759', 6.45, 'Rabies booster', 'Dairy', 'Healthy checkup, no concerns'),
(9, 1, '2024-08-25 22:59:09.492237', 4.47, 'Rabies booster', 'Chicken', 'Slightly overweight, diet recommended'),
(9, 5, '2024-01-26 12:42:00.162170', 4.85, NULL, NULL, 'Slightly overweight, diet recommended'),
(9, 4, '2023-08-17 14:37:35.504501', 7.98, NULL, 'Fish', 'Slightly overweight, diet recommended'),
(10, 4, '2025-03-02 07:57:53.209241', 4.35, 'FVRCP', 'Chicken', 'Healthy checkup, no concerns'),
(10, 2, '2023-06-16 03:34:59.163350', 4.58, NULL, 'Chicken', 'Minor dental issues noted'),
(10, 2, '2024-12-25 16:51:34.793645', 6.69, 'FVRCP', NULL, 'Recovering well from procedure'),
(10, 5, '2023-07-05 05:05:58.413432', 4.41, 'FVRCP, Rabies', 'Chicken', 'Slightly overweight, diet recommended'),
(10, 2, '2023-07-07 15:33:19.610937', 4.8, 'FVRCP', 'None known', NULL),
(10, 5, '2024-10-18 18:51:03.564330', 3.63, 'FVRCP, Rabies', 'None known', 'Recovering well from procedure'),
(11, 2, '2024-12-11 02:11:01.056815', 6.19, 'Rabies booster', 'None known', 'Healthy checkup, no concerns'),
(11, 5, '2024-06-07 12:39:31.843879', 4.42, 'Rabies booster', 'Dairy', 'Slightly overweight, diet recommended'),
(11, 2, '2024-06-29 12:15:30.578456', 7.83, 'FVRCP', 'Dairy', 'Healthy checkup, no concerns'),
(12, 4, '2024-06-11 08:05:51.415069', 5.46, NULL, 'None known', 'Minor dental issues noted'),
(13, 5, '2023-12-24 21:49:45.418024', 7.75, 'FVRCP, Rabies', 'Chicken', 'Healthy checkup, no concerns'),
(13, 5, '2023-07-26 09:32:03.805749', 6.82, NULL, NULL, 'Recovering well from procedure'),
(14, 5, '2024-01-11 09:44:45.498219', 4.9, 'Rabies booster', 'Fish', 'Recovering well from procedure'),
(14, 4, '2024-08-26 03:03:53.279670', 4.53, NULL, 'None known', 'Recovering well from procedure'),
(15, 1, '2024-10-27 04:15:27.020288', 7.74, 'FVRCP, Rabies, FeLV', 'Chicken', 'Slightly overweight, diet recommended'),
(15, 1, '2025-01-21 05:36:32.531068', 3.79, 'FVRCP, Rabies, FeLV', NULL, 'Healthy checkup, no concerns'),
(15, 2, '2024-10-05 19:55:25.958346', 3.01, 'Rabies booster', NULL, 'Regular grooming needed'),
(15, 3, '2025-04-04 12:08:02.523434', 3.16, 'FVRCP', 'Fish', NULL),
(15, 4, '2024-07-09 16:44:08.481026', 3.36, 'FVRCP, Rabies, FeLV', 'Fish', NULL),
(15, 5, '2024-01-09 23:31:34.694651', 6.31, 'FVRCP, Rabies, FeLV', 'Dairy', 'Healthy checkup, no concerns'),
(16, 2, '2024-06-23 06:25:27.228680', 6.24, 'FVRCP', 'Chicken', 'Healthy checkup, no concerns'),
(16, 1, '2023-09-30 12:16:07.655094', 3.83, 'FVRCP', NULL, NULL),
(16, 5, '2024-08-19 20:13:11.270026', 7.61, 'Rabies booster', 'None known', 'Regular grooming needed'),
(16, 3, '2023-10-08 21:59:15.267564', 6.5, 'FVRCP', NULL, 'Recovering well from procedure'),
(16, 4, '2023-07-16 03:52:00.817652', 5.19, NULL, 'None known', 'Regular grooming needed'),
(17, 3, '2025-01-04 15:18:54.584440', 6.02, 'FVRCP, Rabies', 'None known', 'Minor dental issues noted'),
(17, 5, '2024-01-21 14:32:17.076303', 5.94, 'FVRCP, Rabies', 'Fish', 'Recovering well from procedure'),
(17, 1, '2024-11-05 04:16:12.198289', 6.82, 'FVRCP, Rabies, FeLV', 'Dairy', 'Recovering well from procedure'),
(17, 4, '2024-06-20 11:28:47.548574', 7.58, 'FVRCP, Rabies, FeLV', NULL, 'Regular grooming needed'),
(17, 4, '2024-12-07 18:27:06.406025', 7.85, 'Rabies booster', 'Fish', 'Regular grooming needed'),
(17, 3, '2025-01-04 11:29:19.610153', 4.61, 'FVRCP, Rabies', 'Chicken', 'Slightly overweight, diet recommended'),
(18, 4, '2025-04-08 23:55:02.685956', 4.44, 'Rabies booster', NULL, 'Healthy checkup, no concerns'),
(18, 4, '2024-12-15 22:54:03.683668', 3.44, 'FVRCP', 'Fish', 'Healthy checkup, no concerns'),
(18, 4, '2024-07-19 07:30:23.061023', 7.32, 'FVRCP, Rabies', NULL, 'Regular grooming needed'),
(18, 4, '2024-08-09 14:07:38.680798', 3.27, NULL, 'Fish', 'Recovering well from procedure'),
(19, 4, '2023-05-17 06:54:13.456338', 6.8, 'FVRCP, Rabies, FeLV', 'Fish', 'Recovering well from procedure'),
(19, 2, '2025-03-06 18:53:38.385349', 7.64, 'Rabies booster', 'Dairy', 'Healthy checkup, no concerns'),
(19, 1, '2024-12-24 00:20:33.342217', 7.87, NULL, 'Chicken', NULL),
(19, 2, '2023-11-09 11:23:57.512978', 4.55, 'FVRCP, Rabies', NULL, 'Regular grooming needed'),
(20, 2, '2023-09-06 21:36:07.706051', 7.96, 'FVRCP, Rabies', 'Dairy', 'Healthy checkup, no concerns'),
(21, 2, '2024-09-22 10:00:42.325688', 5.49, 'FVRCP', NULL, NULL),
(21, 3, '2023-12-09 19:36:19.506895', 5.08, 'Rabies booster', 'Dairy', 'Minor dental issues noted'),
(21, 4, '2024-01-01 08:16:36.960421', 5.76, 'Rabies booster', 'Chicken', 'Recovering well from procedure'),
(21, 5, '2023-05-02 13:40:40.568566', 6.73, 'FVRCP, Rabies, FeLV', 'None known', 'Slightly overweight, diet recommended'),
(21, 4, '2025-01-22 12:38:58.572832', 4.7, NULL, 'Fish', 'Healthy checkup, no concerns'),
(21, 3, '2024-06-14 19:06:13.557231', 6.63, NULL, NULL, NULL),
(22, 2, '2024-02-14 20:59:34.473052', 5.23, 'Rabies booster', 'Fish', 'Slightly overweight, diet recommended'),
(22, 5, '2023-08-09 17:54:45.012286', 6.81, 'Rabies booster', 'Dairy', 'Slightly overweight, diet recommended'),
(22, 2, '2024-08-02 15:06:07.091918', 7.9, 'FVRCP, Rabies, FeLV', NULL, 'Regular grooming needed'),
(22, 2, '2023-05-20 12:05:58.920264', 7.28, 'Rabies booster', 'None known', 'Slightly overweight, diet recommended'),
(23, 4, '2024-10-24 03:06:26.800218', 6.53, 'Rabies booster', 'Dairy', NULL),
(23, 2, '2023-10-02 06:14:26.000274', 5.48, 'FVRCP, Rabies', 'Chicken', 'Recovering well from procedure'),
(23, 5, '2024-02-28 18:56:09.339896', 4.66, 'FVRCP, Rabies', 'Dairy', 'Healthy checkup, no concerns'),
(23, 5, '2024-01-02 03:03:32.000311', 7.55, 'FVRCP, Rabies', 'Chicken', 'Regular grooming needed'),
(23, 2, '2024-01-23 10:13:38.490561', 3.37, 'FVRCP', 'Fish', 'Recovering well from procedure'),
(23, 4, '2024-10-06 05:18:29.905440', 6.25, 'FVRCP', NULL, 'Regular grooming needed'),
(24, 4, '2024-11-15 13:44:36.149374', 7.36, 'FVRCP, Rabies', NULL, 'Healthy checkup, no concerns'),
(24, 2, '2024-06-15 17:24:43.042763', 6.16, 'FVRCP', 'Chicken', NULL),
(24, 1, '2023-06-29 04:03:36.763803', 5.17, 'FVRCP, Rabies', 'None known', 'Regular grooming needed'),
(25, 3, '2023-06-05 12:56:48.693560', 7.52, 'FVRCP, Rabies', 'Fish', 'Healthy checkup, no concerns'),
(25, 3, '2023-08-21 02:16:08.133595', 4.79, 'Rabies booster', 'Chicken', 'Minor dental issues noted'),
(26, 4, '2024-07-22 10:16:35.795519', 5.83, 'FVRCP, Rabies, FeLV', 'Chicken', 'Minor dental issues noted'),
(26, 1, '2024-09-01 10:19:48.346157', 6.05, 'Rabies booster', NULL, NULL),
(26, 2, '2023-11-12 21:00:38.197275', 5.49, NULL, 'Chicken', 'Minor dental issues noted'),
(26, 4, '2024-08-23 15:25:32.154271', 6.19, 'Rabies booster', 'Fish', NULL),
(26, 1, '2024-04-16 21:01:19.413110', 7.49, 'Rabies booster', 'Fish', NULL),
(27, 2, '2024-03-16 00:20:26.399913', 3.37, 'FVRCP', NULL, 'Slightly overweight, diet recommended'),
(27, 4, '2023-11-13 15:39:50.983144', 6.45, 'Rabies booster', 'Fish', 'Minor dental issues noted'),
(27, 4, '2024-10-30 13:56:05.959506', 7.27, 'FVRCP, Rabies', 'Chicken', 'Regular grooming needed'),
(27, 5, '2023-07-20 06:01:41.111223', 4.79, 'FVRCP', 'Fish', 'Healthy checkup, no concerns'),
(27, 4, '2024-03-07 03:40:25.063876', 4.37, NULL, 'None known', 'Recovering well from procedure'),
(28, 4, '2023-11-21 00:22:31.158521', 7.16, 'FVRCP', 'Chicken', 'Recovering well from procedure'),
(28, 3, '2024-09-04 17:31:46.242188', 4.1, 'FVRCP, Rabies, FeLV', NULL, 'Slightly overweight, diet recommended'),
(28, 2, '2024-04-17 14:02:45.653738', 6.14, 'FVRCP, Rabies', 'Fish', 'Regular grooming needed'),
(28, 1, '2024-08-27 10:28:55.066095', 5.9, 'FVRCP, Rabies, FeLV', 'None known', 'Slightly overweight, diet recommended'),
(28, 3, '2023-05-31 06:52:10.443048', 6.74, 'FVRCP, Rabies, FeLV', 'Chicken', 'Minor dental issues noted'),
(28, 5, '2024-02-10 20:12:08.281601', 7.38, 'FVRCP', NULL, 'Recovering well from procedure'),
(29, 2, '2024-07-08 21:42:41.889015', 4.28, 'Rabies booster', 'Fish', NULL),
(29, 3, '2023-05-03 17:24:01.680704', 7.02, 'Rabies booster', 'None known', 'Minor dental issues noted'),
(29, 2, '2023-12-04 06:58:25.465008', 7.3, 'Rabies booster', NULL, 'Slightly overweight, diet recommended'),
(30, 4, '2023-09-29 09:53:12.832970', 3.07, NULL, 'None known', 'Regular grooming needed');


-- Medical Record Reference data
INSERT INTO medical_record_reference (cat_id, record_id)
VALUES
(12, 4),
(23, 4),
(27, 4),
(17, 3),
(28, 3),
(11, 5),
(2, 2),
(15, 5),
(6, 2),
(7, 1),
(4, 2),
(5, 3),
(8, 2),
(17, 5),
(9, 1),
(19, 2),
(28, 5),
(2, 4),
(24, 1),
(6, 4),
(21, 2),
(8, 4),
(19, 4),
(30, 4),
(7, 5),
(21, 4),
(22, 5),
(9, 5),
(11, 2),
(13, 5),
(15, 2),
(26, 2),
(16, 1),
(28, 2),
(15, 4),
(6, 1),
(16, 3),
(26, 4),
(14, 5),
(17, 4),
(28, 4),
(16, 5),
(7, 2),
(22, 2),
(5, 4),
(9, 2),
(24, 2),
(18, 4),
(10, 5),
(24, 4),
(26, 1),
(25, 3),
(29, 3),
(23, 5),
(4, 1),
(27, 5),
(19, 1),
(1, 4),
(2, 3),
(16, 2),
(6, 3),
(20, 2),
(3, 4),
(14, 4),
(2, 5),
(16, 4),
(6, 5),
(21, 3),
(8, 5),
(10, 2),
(9, 4),
(15, 1),
(21, 5),
(23, 2),
(27, 2),
(17, 1),
(28, 1),
(10, 4),
(15, 3),
(29, 2);


-- Visit data (weak entity)
INSERT INTO visit (cat_id, visit_id, customer_id, visit_datetime, duration_minutes)
VALUES
(1, 5, 12, '2024-06-16 11:21:41.519517', 60),
(1, 6, 34, '2024-07-29 16:13:00.531256', 120),
(1, 4, 48, '2024-08-25 04:38:09.562028', 15),
(1, 10, 7, '2024-04-30 04:09:09.620913', 90),
(1, 6, 5, '2025-01-25 04:32:26.481345', 90),
(1, 4, 42, '2024-06-30 12:29:33.479368', 15),
(2, 5, 42, '2024-09-13 05:12:04.989670', 60),
(2, 2, 17, '2025-01-09 08:36:27.289353', 15),
(2, 1, 18, '2024-10-27 01:34:25.801015', 60),
(2, 2, 34, '2025-02-25 17:22:37.560255', 30),
(2, 9, 17, '2025-02-15 19:21:05.450638', 60),
(2, 8, 43, '2024-05-23 16:11:26.418028', 120),
(2, 9, 28, '2025-03-08 02:24:49.466555', 90),
(2, 3, 7, '2024-05-12 19:12:20.300340', 60),
(3, 8, 33, '2024-05-04 04:40:40.722268', 60),
(3, 5, 39, '2025-03-29 19:04:58.758710', 120),
(4, 4, 11, '2025-03-08 05:26:37.102512', 60),
(4, 4, 20, '2024-11-23 15:21:38.834954', 45),
(4, 2, 4, '2024-11-22 18:40:41.352199', 45),
(4, 9, 7, '2025-01-11 11:41:30.422505', 120),
(4, 6, 39, '2024-09-26 21:47:57.019575', 60),
(4, 5, 1, '2024-06-08 09:58:34.715381', 15),
(5, 2, 4, '2024-05-04 23:13:03.927012', 30),
(5, 10, 25, '2024-08-23 23:14:02.699963', 15),
(5, 6, 8, '2025-02-14 00:35:30.674526', 30),
(5, 10, 1, '2024-12-09 02:43:54.749022', 15),
(5, 9, 1, '2025-02-25 05:44:01.083963', 90),
(5, 4, 31, '2025-03-29 06:52:30.236488', 30),
(5, 6, 10, '2024-05-29 12:55:10.397829', 30),
(5, 10, 25, '2025-03-01 18:56:28.998801', 45),
(6, 3, 46, '2024-07-25 05:14:52.760432', 45),
(6, 3, 34, '2024-11-28 10:17:54.782955', 120),
(6, 1, 17, '2024-11-04 17:19:26.643360', 15),
(7, 4, 12, '2024-09-18 21:35:24.170382', 45),
(7, 1, 36, '2024-08-18 16:11:11.435370', 45),
(7, 1, 17, '2024-08-29 08:29:09.981696', 120),
(7, 7, 44, '2024-08-26 23:59:37.589900', 15),
(7, 2, 48, '2024-06-27 18:12:18.480763', 60),
(7, 6, 44, '2024-10-30 19:10:05.242709', 90),
(8, 8, 44, '2024-06-07 23:55:27.570352', 30),
(8, 10, 39, '2024-10-30 14:30:41.603382', 120),
(9, 5, 11, '2025-03-24 05:29:43.476871', 120),
(9, 1, 39, '2024-09-01 22:56:02.017442', 60),
(9, 7, 28, '2025-01-18 00:25:29.409667', 120),
(9, 2, 48, '2025-02-20 11:06:03.815889', 120),
(9, 8, 30, '2025-02-19 00:48:46.620684', 15),
(9, 6, 33, '2024-07-22 15:28:12.691236', 30),
(9, 2, 17, '2024-06-19 20:05:20.534916', 45),
(9, 10, 42, '2024-07-08 09:37:53.201961', 90),
(9, 9, 37, '2024-12-03 08:52:44.744933', 45),
(10, 10, 44, '2025-01-30 00:15:32.384735', 45),
(10, 8, 44, '2024-12-22 18:25:43.790561', 90),
(10, 7, 34, '2024-07-01 01:12:52.624610', 120),
(10, 2, 20, '2025-02-03 14:59:42.120490', 120),
(10, 9, 21, '2024-10-24 19:42:19.511579', 30),
(10, 7, 11, '2025-01-27 21:41:06.733621', 30),
(10, 7, 22, '2025-01-29 21:17:41.602604', 60),
(11, 7, 21, '2024-10-08 07:23:23.684005', 15),
(11, 6, 28, '2025-03-30 21:18:30.955152', 45),
(11, 5, 43, '2024-11-19 12:35:37.183011', 30),
(11, 8, 30, '2024-12-15 09:16:00.335839', 15),
(11, 2, 30, '2024-12-11 10:48:07.920098', 60),
(11, 2, 21, '2025-03-09 00:10:29.467880', 120),
(11, 6, 27, '2024-12-12 10:25:53.124141', 30),
(12, 1, 12, '2024-06-21 11:39:01.863007', 90),
(12, 9, 22, '2024-05-22 06:58:30.431778', 120),
(12, 2, 28, '2024-10-05 20:41:02.127553', 45),
(12, 7, 20, '2024-08-15 22:50:43.527087', 120),
(12, 1, 18, '2024-08-05 16:07:03.411012', 90),
(12, 5, 43, '2024-05-17 20:47:07.768124', 15),
(12, 10, 44, '2024-10-29 15:35:15.152152', 30),
(12, 3, 4, '2024-08-18 17:21:17.593911', 60),
(12, 4, 20, '2024-10-09 09:45:45.491542', 15),
(13, 9, 43, '2024-05-18 03:04:43.315194', 15),
(13, 5, 12, '2025-02-25 02:50:50.037482', 30),
(13, 7, 20, '2024-05-25 08:59:58.947047', 90),
(13, 10, 33, '2025-03-09 00:12:09.158570', 120),
(13, 9, 25, '2025-03-05 17:41:26.125590', 90),
(13, 5, 25, '2024-12-07 23:24:36.351016', 30),
(14, 5, 5, '2024-10-29 13:13:44.245704', 45),
(14, 6, 25, '2024-10-13 08:24:48.664890', 30),
(14, 3, 12, '2024-11-15 19:23:54.390801', 120),
(14, 7, 30, '2025-02-10 13:16:44.188405', 30),
(14, 1, 30, '2025-03-20 13:26:05.579210', 120),
(15, 4, 19, '2024-10-08 14:39:06.756414', 60),
(15, 8, 22, '2025-02-17 03:02:46.123393', 30),
(15, 6, 18, '2024-12-21 10:14:41.471258', 120),
(15, 6, 10, '2024-08-22 18:49:14.173152', 90),
(15, 10, 30, '2024-10-18 01:38:38.668736', 15),
(15, 3, 36, '2024-06-21 10:48:22.169960', 90),
(15, 1, 4, '2024-05-19 22:45:51.019433', 15),
(15, 5, 11, '2024-06-04 03:40:00.416526', 120),
(15, 7, 48, '2025-03-21 17:55:27.129658', 90),
(16, 7, 35, '2024-08-30 18:53:14.224555', 30),
(16, 9, 34, '2025-01-13 05:54:46.205773', 45),
(16, 7, 34, '2024-10-28 15:08:58.639429', 45),
(16, 10, 48, '2024-06-29 09:00:15.012645', 90),
(16, 5, 39, '2024-07-26 20:03:22.281248', 30),
(16, 7, 33, '2024-10-04 05:40:41.294192', 15),
(16, 1, 1, '2024-10-04 20:15:36.475300', 45),
(16, 4, 10, '2024-11-04 06:40:40.743393', 30),
(17, 5, 22, '2024-06-24 07:55:31.176275', 15),
(17, 1, 48, '2024-09-10 12:43:30.566248', 120),
(17, 7, 36, '2024-08-08 16:10:16.976430', 30),
(17, 7, 46, '2024-09-23 15:34:06.953813', 120),
(17, 4, 44, '2024-08-28 22:26:21.723948', 90),
(18, 2, 19, '2024-12-01 17:19:05.317352', 120),
(18, 1, 28, '2025-02-09 14:34:04.923445', 15),
(18, 8, 5, '2024-12-19 18:31:03.261266', 15),
(18, 6, 12, '2024-05-21 10:09:41.984776', 60),
(18, 10, 19, '2024-05-31 20:48:38.236164', 120),
(18, 7, 18, '2024-12-31 02:54:16.892972', 15),
(19, 1, 22, '2024-08-09 03:09:30.039871', 30),
(19, 10, 11, '2025-01-16 16:28:10.885228', 120),
(19, 6, 30, '2024-12-23 03:40:38.541937', 60),
(19, 2, 8, '2025-03-24 09:10:36.219922', 60),
(19, 10, 19, '2025-03-12 07:21:14.749814', 90),
(19, 2, 19, '2024-08-27 02:33:56.764385', 45),
(19, 6, 8, '2024-11-26 04:32:56.018572', 45),
(20, 2, 44, '2024-06-18 00:07:17.069007', 120),
(20, 2, 44, '2024-09-02 02:50:21.239581', 90),
(20, 4, 7, '2025-04-15 18:59:22.221382', 45),
(21, 3, 8, '2025-01-07 11:06:06.787744', 15),
(21, 3, 35, '2024-09-17 12:12:13.634763', 30),
(21, 3, 33, '2024-11-30 16:22:57.945895', 30),
(21, 2, 36, '2025-04-04 22:41:46.779116', 120),
(21, 8, 11, '2024-08-18 10:06:52.891567', 90),
(21, 10, 11, '2024-09-11 22:16:28.417882', 120),
(22, 10, 22, '2025-02-10 11:54:46.405543', 120),
(22, 6, 17, '2025-02-18 08:34:36.542061', 60),
(22, 2, 48, '2024-12-28 02:28:25.323904', 60),
(22, 5, 27, '2025-02-24 02:50:58.462462', 45),
(22, 10, 39, '2025-01-22 04:18:56.291877', 45),
(22, 9, 30, '2025-01-02 16:34:21.542427', 45),
(22, 8, 11, '2024-11-05 14:37:54.654150', 15),
(22, 1, 43, '2024-12-19 07:17:33.717334', 45),
(22, 2, 42, '2024-09-28 23:52:21.922746', 15),
(22, 10, 33, '2024-09-06 12:05:32.713798', 90),
(23, 8, 12, '2024-09-06 18:50:17.914282', 90),
(23, 1, 11, '2024-07-02 04:32:08.467813', 90),
(23, 4, 22, '2024-07-14 13:57:20.262907', 90),
(23, 8, 44, '2025-04-08 11:25:36.334159', 30),
(23, 1, 11, '2024-10-21 22:55:42.074458', 15),
(23, 6, 37, '2024-07-19 02:12:58.112106', 15),
(23, 9, 42, '2024-06-16 14:15:32.532956', 30),
(24, 4, 37, '2024-05-25 12:48:17.193701', 60),
(25, 9, 44, '2025-03-01 18:27:02.732666', 90),
(25, 3, 43, '2024-06-03 06:58:11.377906', 45),
(25, 5, 19, '2025-02-02 21:41:49.039572', 60),
(25, 6, 4, '2025-02-26 08:51:14.897472', 90),
(25, 1, 27, '2025-03-16 02:32:23.804357', 120),
(25, 6, 30, '2024-05-11 03:16:46.650990', 45),
(25, 2, 46, '2024-08-28 08:23:23.380283', 120),
(25, 7, 18, '2025-02-01 05:39:45.768334', 45),
(26, 3, 22, '2024-06-14 05:08:19.003444', 15),
(26, 10, 4, '2024-09-11 22:37:48.509501', 30),
(26, 6, 18, '2024-06-25 14:36:51.438611', 120),
(26, 7, 17, '2025-02-24 23:45:55.478844', 90),
(26, 2, 18, '2025-02-02 23:39:09.138086', 90),
(26, 7, 42, '2025-02-16 20:16:38.073115', 45),
(26, 3, 4, '2024-06-26 19:28:14.751045', 120),
(26, 9, 30, '2024-10-04 04:56:03.100172', 120),
(26, 7, 44, '2024-09-24 09:52:55.736323', 45),
(26, 1, 43, '2024-12-30 09:13:45.175692', 45),
(27, 4, 22, '2024-07-23 02:31:36.859087', 60),
(27, 4, 8, '2024-10-06 14:08:00.416866', 30),
(27, 3, 30, '2024-08-09 10:00:14.546928', 45),
(28, 9, 10, '2025-01-25 17:53:08.287897', 90),
(28, 9, 39, '2024-10-08 07:35:20.212461', 120),
(29, 10, 17, '2024-11-08 09:24:27.872085', 90),
(29, 7, 17, '2024-08-18 09:06:55.712307', 30),
(29, 3, 31, '2025-02-16 16:35:49.023310', 120),
(29, 10, 27, '2024-10-15 15:40:20.627883', 30),
(29, 8, 39, '2025-02-26 08:47:51.864310', 60),
(29, 6, 4, '2024-09-08 16:47:59.008694', 120),
(30, 8, 33, '2025-04-08 06:42:35.740029', 45),
(30, 8, 8, '2025-04-21 21:45:25.672370', 90),
(30, 4, 18, '2024-10-12 23:22:12.196148', 60),
(30, 4, 43, '2024-08-08 06:20:15.181195', 120);


-- Visit Reference data
INSERT INTO visit_reference (cat_id, visit_id)
VALUES
(12, 4),
(23, 4),
(4, 9),
(27, 4),
(5, 10),
(9, 8),
(11, 5),
(2, 2),
(15, 5),
(7, 1),
(18, 1),
(18, 10),
(4, 2),
(22, 10),
(17, 5),
(19, 2),
(9, 1),
(9, 10),
(11, 7),
(13, 10),
(15, 7),
(26, 7),
(29, 6),
(21, 2),
(3, 8),
(17, 7),
(30, 4),
(1, 10),
(26, 9),
(22, 5),
(14, 1),
(28, 9),
(19, 6),
(9, 5),
(11, 2),
(13, 5),
(26, 2),
(16, 1),
(16, 10),
(7, 7),
(18, 7),
(23, 6),
(14, 3),
(5, 9),
(9, 7),
(10, 8),
(1, 5),
(13, 7),
(6, 1),
(15, 4),
(25, 6),
(22, 9),
(23, 8),
(3, 5),
(5, 2),
(4, 4),
(14, 5),
(17, 4),
(9, 9),
(10, 10),
(13, 9),
(15, 6),
(26, 6),
(16, 5),
(7, 2),
(18, 2),
(29, 8),
(22, 2),
(12, 1),
(23, 1),
(12, 10),
(14, 7),
(5, 4),
(4, 6),
(9, 2),
(25, 1),
(2, 8),
(16, 7),
(7, 4),
(29, 10),
(12, 3),
(5, 6),
(27, 3),
(8, 8),
(30, 8),
(24, 4),
(26, 1),
(2, 1),
(25, 3),
(16, 9),
(29, 3),
(22, 6),
(21, 8),
(12, 5),
(19, 1),
(8, 10),
(10, 7),
(1, 4),
(11, 6),
(2, 3),
(19, 10),
(25, 5),
(6, 3),
(20, 2),
(22, 8),
(21, 10),
(12, 7),
(10, 9),
(1, 6),
(11, 8),
(2, 5),
(16, 4),
(25, 7),
(15, 8),
(29, 7),
(20, 4),
(22, 1),
(21, 3),
(12, 9),
(14, 6),
(23, 9),
(4, 5),
(10, 2),
(25, 9),
(15, 1),
(15, 10),
(26, 10),
(7, 6),
(18, 6),
(12, 2),
(17, 1),
(9, 6),
(25, 2),
(2, 9),
(15, 3),
(26, 3),
(18, 8);


-- Adoption Request data
INSERT INTO adoption_request (cat_id, customer_id, adoption_fee, adoption_date, adoption_status, return_date, return_reason, payment_link)
VALUES
(19, 11, 165.42, '2024-09-10', 'APPROVED', NULL, NULL, 'https://catcafe.pay/adoption/297ca4ff-f75d-499f-ab2d-5b0987079ad4'),
(13, 44, 181.86, '2025-02-13', 'RETURNED', '2025-04-12', 'Moving to new home that doesn''t allow pets', 'https://catcafe.pay/adoption/0d5ba7cd-4000-45f0-9f7d-0dd7236e1608'),
(26, 33, 84.6, '2024-12-12', 'APPROVED', NULL, NULL, 'https://catcafe.pay/adoption/ef2ddcc4-8df6-41da-9f07-c1a5dfc620ce'),
(21, 48, 268.53, '2024-06-01', 'APPROVED', NULL, NULL, 'https://catcafe.pay/adoption/1feae1e0-d9e6-44b3-8412-a335d88c656d'),
(4, 37, 261.47, NULL, 'REJECTED', NULL, NULL, NULL),
(10, 30, 240.78, '2024-08-06', 'APPROVED', NULL, NULL, 'https://catcafe.pay/adoption/73069588-45d5-468d-a90a-3abbc35b9fea'),
(29, 44, 86.84, '2025-03-17', 'APPROVED', NULL, NULL, 'https://catcafe.pay/adoption/177a8a5f-6ffe-43b3-94bf-7a4b25b8a42f'),
(30, 8, 254.18, NULL, 'REJECTED', NULL, NULL, NULL),
(30, 25, 153.72, '2025-03-31', 'APPROVED', NULL, NULL, 'https://catcafe.pay/adoption/e27718c5-737d-4fb6-9113-76e038d77b9a'),
(12, 8, 146.54, NULL, 'PENDING', NULL, NULL, 'https://catcafe.pay/adoption/6a36af18-06d3-4b93-ae33-688d597e6845'),
(8, 25, 129.67, NULL, 'PENDING', NULL, NULL, 'https://catcafe.pay/adoption/5fbbf0b1-8083-49c8-a57e-01c90da23e5c'),
(23, 42, 133.82, NULL, 'PENDING', NULL, NULL, 'https://catcafe.pay/adoption/14e4180c-fe99-46a3-a2db-c8503c5bf3a7'),
(2, 18, 279.35, '2024-09-07', 'APPROVED', NULL, NULL, 'https://catcafe.pay/adoption/195d82f8-ee4a-4b5d-9195-54e307374c86'),
(27, 17, 239.71, '2025-02-21', 'APPROVED', NULL, NULL, 'https://catcafe.pay/adoption/25637cc3-ca97-4bf5-95d5-96afa663d2cd'),
(20, 25, 276.46, NULL, 'PENDING', NULL, NULL, 'https://catcafe.pay/adoption/eada79a3-4970-4d9a-89ce-3cfb2339ba19'),
(7, 31, 87.38, '2025-02-17', 'RETURNED', '2025-04-06', 'Not compatible with existing pets', 'https://catcafe.pay/adoption/781799ff-b49e-44cc-8243-69e72387eaf6'),
(17, 28, 77.8, '2024-10-04', 'APPROVED', NULL, NULL, 'https://catcafe.pay/adoption/04dd7054-1448-43f7-a7e6-46c701582463'),
(10, 34, 61.94, '2024-07-26', 'APPROVED', NULL, NULL, 'https://catcafe.pay/adoption/f0b2a5d1-8c7e-4f42-a646-eaf9d5c0244d'),
(26, 33, 164.28, NULL, 'PENDING', NULL, NULL, 'https://catcafe.pay/adoption/6c5a6c93-871c-4884-9bdf-90f2ba2c0f19'),
(29, 48, 199.18, NULL, 'PENDING', NULL, NULL, 'https://catcafe.pay/adoption/3cd5fd7f-49c1-4669-86b3-3fe61c76bdf6');


-- Interaction data
INSERT INTO interaction (adoption_id, interaction_notes, start_datetime, end_datetime)
VALUES
(1, 'Discussion about cat''s medical history', '2024-08-15 00:59:08.280430', '2024-08-15 01:47:08.280430'),
(1, 'Home environment assessment', '2024-05-14 17:48:30.128909', '2024-05-14 19:12:30.128909'),
(2, 'Post-adoption check-in', '2024-09-27 06:24:29.923304', '2024-09-27 07:39:29.923304'),
(3, 'Post-adoption check-in', '2025-02-10 12:28:10.698984', '2025-02-10 13:51:10.698984'),
(3, 'Follow-up discussion about cat''s needs', '2024-10-10 20:22:18.105724', '2024-10-10 22:17:18.105724'),
(4, 'Post-adoption check-in', '2024-06-06 17:29:14.213030', '2024-06-06 18:45:14.213030'),
(5, 'Post-adoption check-in', '2025-03-23 00:58:15.621137', '2025-03-23 02:37:15.621137'),
(6, 'Final adoption paperwork review', '2024-11-30 16:56:37.181831', '2024-11-30 18:26:37.181831'),
(7, 'Discussion about cat''s medical history', '2024-05-03 08:04:05.056198', '2024-05-03 09:23:05.056198'),
(8, 'Home environment assessment', '2024-11-01 01:41:06.395935', '2024-11-01 02:13:06.395935'),
(8, 'Home environment assessment', '2024-07-24 11:21:33.381442', '2024-07-24 11:59:33.381442'),
(8, 'Home environment assessment', '2024-06-18 15:30:30.404368', '2024-06-18 16:30:30.404368'),
(9, 'Training session for special needs', '2024-09-30 16:41:51.190230', '2024-09-30 18:25:51.190230'),
(10, 'Follow-up discussion about cat''s needs', '2024-12-07 06:54:43.145979', '2024-12-07 07:29:43.145979'),
(10, 'Home environment assessment', '2024-07-23 23:20:56.424826', '2024-07-24 00:59:56.424826'),
(10, 'Home environment assessment', '2024-09-26 01:55:41.187925', '2024-09-26 03:47:41.187925'),
(11, 'Training session for special needs', '2024-12-25 08:10:07.094579', '2024-12-25 10:07:07.094579'),
(11, 'Final adoption paperwork review', '2024-05-28 12:48:38.929738', '2024-05-28 14:47:38.929738'),
(12, 'Discussion about cat''s medical history', '2025-04-17 08:35:23.314175', '2025-04-17 09:28:23.314175'),
(12, 'Training session for special needs', '2024-05-22 00:01:50.032194', '2024-05-22 00:48:50.032194'),
(12, 'Initial meeting with cat', '2024-11-04 23:04:46.500262', '2024-11-05 00:32:46.500262'),
(12, 'Initial meeting with cat', '2024-10-29 03:19:52.073472', '2024-10-29 04:26:52.073472'),
(13, 'Initial meeting with cat', '2025-04-22 08:09:02.931100', '2025-04-22 09:04:02.931100'),
(13, 'Initial meeting with cat', '2024-11-15 04:39:27.137657', '2024-11-15 05:49:27.137657'),
(14, 'Post-adoption check-in', '2024-09-16 13:38:49.156119', '2024-09-16 14:58:49.156119'),
(14, 'Training session for special needs', '2024-10-15 14:12:07.875034', '2024-10-15 15:51:07.875034'),
(14, 'Final adoption paperwork review', '2024-12-14 21:16:32.392904', '2024-12-14 22:18:32.392904'),
(15, 'Training session for special needs', '2025-04-19 16:24:19.256943', '2025-04-19 18:16:19.256943'),
(16, 'Home environment assessment', '2024-07-28 17:44:37.942336', '2024-07-28 18:59:37.942336'),
(16, 'Training session for special needs', '2024-05-03 06:22:47.470388', '2024-05-03 06:58:47.470388'),
(17, 'Home environment assessment', '2025-02-08 13:26:48.855042', '2025-02-08 14:11:48.855042'),
(17, 'Training session for special needs', '2024-08-30 22:34:29.313490', '2024-08-30 23:51:29.313490'),
(17, 'Final adoption paperwork review', '2025-01-19 07:35:19.213235', '2025-01-19 08:56:19.213235'),
(18, 'Final adoption paperwork review', '2024-12-12 04:27:56.703448', '2024-12-12 05:40:56.703448'),
(18, 'Follow-up discussion about cat''s needs', '2025-02-02 08:40:26.467699', '2025-02-02 10:13:26.467699'),
(18, 'Discussion about cat''s medical history', '2025-01-20 03:13:20.434870', '2025-01-20 04:46:20.434870'),
(18, 'Home environment assessment', '2024-08-26 11:11:31.331719', '2024-08-26 12:47:31.331719'),
(19, 'Training session for special needs', '2024-05-13 11:57:58.007442', '2024-05-13 12:37:58.007442'),
(19, 'Discussion about cat''s medical history', '2024-11-12 05:30:55.022305', '2024-11-12 06:54:55.022305'),
(19, 'Initial meeting with cat', '2025-02-17 15:53:36.338029', '2025-02-17 17:18:36.338029'),
(20, 'Post-adoption check-in', '2024-06-30 02:58:52.658264', '2024-06-30 04:05:52.658264'),
(20, 'Home environment assessment', '2025-02-05 03:28:18.208673', '2025-02-05 04:11:18.208673');


-- Event data
INSERT INTO event (event_name, event_type, event_date)
VALUES
('Spring Adoption Festival', 'Adoption Day', '2024-10-13'),
('Summer Kitten Party', 'Kitten Socialization', '2025-01-05'),
('Holiday Cat Celebration', 'Kitten Socialization', '2024-12-13'),
('Valentine''s Day Cat Speed Dating', 'Kitten Socialization', '2025-02-17'),
('Halloween Cat Costume Contest', 'Senior Cat Meet & Greet', '2024-05-19'),
('Meow & Meditation', 'Educational Workshop', '2025-02-04'),
('Paws & Paint Night', 'Senior Cat Meet & Greet', '2024-10-10'),
('Whiskers & Wine', 'Cat Yoga', '2024-08-11'),
('Senior Cat Appreciation Day', 'Senior Cat Meet & Greet', '2024-05-12'),
('Kitten Kindergarten', 'Kitten Socialization', '2024-07-08'),
('Cat Health Workshop', 'Senior Cat Meet & Greet', '2024-05-11'),
('Feline Behavior Seminar', 'Adoption Day', '2025-04-02'),
('Cat Photography Session', 'Kitten Socialization', '2024-10-31'),
('Adopter Reunion', 'Educational Workshop', '2025-04-23'),
('Cat Cafe Anniversary', 'Senior Cat Meet & Greet', '2024-11-10');


-- Event Attendance data
INSERT INTO event_attendance (event_id, customer_id)
VALUES
(1, 42),
(1, 27),
(1, 39),
(1, 30),
(1, 4),
(1, 5),
(1, 19),
(1, 43),
(1, 44),
(2, 36),
(2, 25),
(2, 17),
(2, 33),
(2, 4),
(2, 11),
(2, 39),
(2, 20),
(2, 30),
(2, 8),
(2, 43),
(2, 31),
(2, 19),
(2, 21),
(2, 37),
(3, 11),
(3, 43),
(3, 7),
(3, 5),
(3, 10),
(3, 30),
(3, 12),
(3, 17),
(3, 44),
(3, 20),
(3, 19),
(3, 22),
(3, 35),
(3, 8),
(3, 34),
(4, 21),
(4, 36),
(4, 48),
(4, 44),
(4, 19),
(5, 34),
(5, 35),
(5, 10),
(5, 7),
(5, 37),
(5, 11),
(5, 1),
(5, 33),
(5, 18),
(5, 48),
(5, 21),
(5, 5),
(5, 17),
(6, 11),
(6, 36),
(6, 37),
(6, 5),
(6, 30),
(6, 4),
(7, 4),
(7, 43),
(7, 37),
(7, 30),
(7, 46),
(7, 27),
(7, 18),
(7, 21),
(7, 36),
(7, 42),
(8, 27),
(8, 43),
(8, 44),
(8, 8),
(8, 34),
(8, 1),
(8, 17),
(9, 27),
(9, 48),
(9, 25),
(9, 43),
(9, 46),
(9, 12),
(9, 31),
(9, 11),
(10, 17),
(10, 33),
(10, 30),
(10, 20),
(10, 18),
(10, 19),
(10, 37),
(10, 48),
(10, 44),
(10, 28),
(10, 42),
(10, 12),
(10, 31),
(11, 22),
(11, 42),
(11, 30),
(11, 11),
(11, 31),
(11, 4),
(11, 44),
(12, 17),
(12, 7),
(12, 31),
(12, 10),
(12, 46),
(12, 42),
(12, 12),
(12, 36),
(12, 5),
(12, 28),
(13, 5),
(13, 20),
(13, 39),
(13, 31),
(13, 34),
(13, 44),
(13, 17),
(13, 18),
(13, 36),
(13, 4),
(13, 22),
(13, 8),
(13, 43),
(14, 7),
(14, 18),
(14, 20),
(14, 30),
(14, 35),
(14, 1),
(14, 42),
(14, 46),
(14, 27),
(14, 17),
(14, 5),
(14, 37),
(14, 31),
(15, 42),
(15, 36),
(15, 12),
(15, 20),
(15, 17),
(15, 7),
(15, 4),
(15, 33),
(15, 37),
(15, 22),
(15, 31),
(15, 39),
(15, 25);


-- Event Features Cat data
INSERT INTO event_features_cat (event_id, cat_id)
VALUES
(1, 2),
(1, 21),
(1, 25),
(1, 19),
(2, 21),
(2, 7),
(2, 25),
(2, 19),
(2, 14),
(2, 20),
(2, 30),
(3, 16),
(3, 29),
(3, 21),
(4, 21),
(4, 10),
(4, 16),
(4, 8),
(4, 26),
(4, 22),
(4, 13),
(5, 15),
(5, 3),
(5, 23),
(5, 2),
(5, 6),
(5, 30),
(5, 14),
(6, 15),
(6, 7),
(6, 11),
(6, 20),
(6, 5),
(6, 28),
(6, 23),
(6, 25),
(6, 12),
(6, 13),
(7, 25),
(7, 12),
(7, 17),
(7, 18),
(7, 4),
(8, 8),
(8, 15),
(8, 4),
(8, 9),
(8, 29),
(8, 30),
(8, 5),
(8, 28),
(9, 10),
(9, 13),
(9, 28),
(10, 8),
(10, 28),
(10, 6),
(10, 27),
(10, 11),
(10, 19),
(10, 24),
(10, 26),
(10, 7),
(11, 16),
(11, 17),
(11, 15),
(11, 29),
(11, 10),
(12, 1),
(12, 3),
(12, 13),
(12, 17),
(12, 15),
(12, 8),
(12, 7),
(12, 19),
(12, 12),
(12, 2),
(13, 10),
(13, 16),
(13, 20),
(14, 10),
(14, 18),
(14, 1),
(14, 4),
(14, 14),
(14, 5),
(14, 9),
(14, 12),
(14, 13),
(14, 23),
(15, 13),
(15, 2),
(15, 19);


-- Visit Registration data
INSERT INTO visit_registration (customer_id, cat_id, visit_id, signed_waiver, signature_recorded_at)
VALUES
(43, 1, 5, 1, '2024-07-28 20:52:54.613665'),
(44, 1, 6, 1, '2025-01-27 11:33:41.656364'),
(31, 1, 4, 1, '2024-07-06 03:33:39.512364'),
(34, 1, 10, 1, '2024-09-04 17:32:38.831965'),
(43, 1, 6, 1, '2025-02-06 13:03:50.186965'),
(43, 1, 4, 1, '2025-03-09 13:46:26.659007'),
(44, 2, 5, 1, '2024-08-26 13:57:58.700019'),
(39, 2, 2, 1, '2024-06-11 19:30:43.973766'),
(48, 2, 1, 1, '2024-09-08 18:21:42.926786'),
(7, 2, 2, 1, '2025-03-18 05:25:10.192916'),
(33, 2, 9, 1, '2025-01-23 20:03:04.029848'),
(33, 2, 8, 1, '2025-03-20 02:34:18.243998'),
(22, 2, 9, 1, '2024-09-15 13:37:45.877784'),
(48, 2, 3, 1, '2025-04-17 23:49:17.087212'),
(31, 3, 8, 0, NULL),
(34, 3, 5, 1, '2024-10-25 13:59:33.222177'),
(27, 4, 4, 1, '2024-10-26 01:33:53.350746'),
(33, 4, 2, 1, '2025-03-30 22:40:40.377384'),
(21, 5, 2, 0, NULL),
(44, 5, 10, 1, '2024-11-03 00:14:30.021177'),
(31, 5, 6, 1, '2025-02-13 23:03:57.691043'),
(12, 5, 9, 1, '2025-01-17 21:48:52.402811'),
(25, 5, 4, 1, '2024-05-26 04:14:57.693363'),
(28, 5, 6, 1, '2024-12-03 09:21:18.703515'),
(10, 5, 10, 1, '2025-02-21 16:50:25.660342'),
(20, 6, 3, 1, '2024-11-12 13:53:30.551764'),
(17, 6, 3, 1, '2024-08-22 16:03:23.240351'),
(4, 6, 1, 1, '2024-05-26 14:15:32.488601'),
(36, 7, 4, 1, '2024-12-24 17:51:12.388880'),
(46, 7, 1, 1, '2024-08-17 07:03:47.815750'),
(37, 7, 2, 1, '2024-12-03 10:49:50.614185'),
(8, 7, 6, 1, '2024-09-29 23:37:31.417327'),
(18, 8, 8, 1, '2025-01-04 06:42:24.962205'),
(48, 9, 5, 1, '2024-09-02 17:58:14.358489'),
(5, 9, 1, 1, '2024-05-12 19:40:09.692299'),
(12, 9, 2, 1, '2025-03-11 02:55:52.443440'),
(19, 9, 8, 1, '2024-09-03 02:50:40.079747'),
(18, 9, 10, 1, '2025-04-26 21:56:33.902166'),
(5, 9, 9, 1, '2024-08-05 15:04:50.015267'),
(48, 10, 10, 1, '2025-04-20 07:04:41.122332'),
(46, 10, 7, 1, '2025-04-08 13:29:47.228822'),
(33, 10, 2, 1, '2024-05-24 18:11:13.232664'),
(39, 10, 9, 1, '2024-12-16 04:40:33.854673'),
(42, 10, 7, 1, '2024-09-07 01:05:32.435815'),
(22, 10, 7, 1, '2025-02-13 22:36:33.211478'),
(10, 11, 7, 1, '2024-12-31 11:56:40.186408'),
(42, 11, 8, 1, '2025-04-10 08:19:02.441995'),
(1, 11, 2, 1, '2024-06-18 11:57:52.989337'),
(18, 11, 6, 1, '2024-12-05 06:13:56.710850'),
(12, 12, 9, 1, '2025-02-06 17:11:14.562835'),
(5, 12, 1, 1, '2024-05-10 01:26:00.776778'),
(5, 12, 10, 0, NULL),
(21, 13, 9, 1, '2024-05-21 21:44:44.488543'),
(12, 13, 10, 1, '2025-02-05 16:40:23.113698'),
(11, 13, 5, 1, '2024-09-08 03:32:29.915125'),
(48, 14, 5, 1, '2024-09-14 04:24:14.280531'),
(44, 14, 6, 1, '2024-11-20 12:43:28.406303'),
(34, 14, 3, 1, '2024-12-04 08:30:36.769136'),
(37, 14, 1, 1, '2024-12-31 08:53:21.057633'),
(10, 15, 6, 1, '2025-04-08 21:33:12.623621'),
(42, 15, 6, 1, '2024-09-10 05:22:26.972867'),
(30, 15, 3, 1, '2025-01-31 01:24:34.222247'),
(17, 15, 1, 1, '2024-11-22 23:15:17.043533'),
(19, 15, 7, 1, '2024-11-06 17:30:44.704232'),
(21, 16, 7, 1, '2024-09-19 17:27:54.307133'),
(43, 16, 10, 1, '2024-12-20 14:17:15.684198'),
(34, 16, 5, 1, '2024-07-27 12:25:48.039192'),
(4, 16, 7, 1, '2024-06-07 18:51:26.916912'),
(34, 17, 5, 1, '2025-01-21 01:08:36.322429'),
(8, 17, 7, 1, '2024-10-26 14:53:37.506208'),
(17, 17, 7, 1, '2024-09-15 16:37:57.587231'),
(37, 18, 2, 1, '2024-11-18 11:52:56.451847'),
(46, 18, 1, 1, '2024-07-31 23:03:56.474029'),
(33, 18, 10, 1, '2024-07-31 10:01:54.591362'),
(11, 18, 7, 1, '2024-10-07 08:19:01.792082'),
(5, 19, 1, 1, '2025-04-26 06:17:29.803878'),
(46, 19, 10, 1, '2024-08-09 15:41:33.137225'),
(46, 19, 6, 1, '2025-03-28 02:01:41.997981'),
(44, 19, 2, 1, '2024-10-23 18:08:13.884786'),
(37, 19, 10, 1, '2024-06-11 03:24:15.746744'),
(44, 19, 2, 1, '2025-03-04 20:03:53.099517'),
(17, 19, 6, 1, '2024-10-09 10:53:30.679020'),
(39, 20, 2, 1, '2025-03-21 13:59:55.923257'),
(18, 20, 2, 1, '2024-10-06 22:07:55.400019'),
(31, 20, 4, 0, NULL),
(30, 21, 3, 0, NULL),
(30, 21, 3, 1, '2024-05-29 09:56:48.240286'),
(7, 21, 3, 0, NULL),
(28, 21, 8, 1, '2025-01-01 10:01:20.636405'),
(42, 21, 10, 1, '2025-03-02 04:01:48.889583'),
(28, 22, 10, 1, '2024-08-22 01:49:25.952987'),
(5, 22, 2, 1, '2024-09-01 05:50:27.305787'),
(4, 22, 5, 1, '2024-05-21 01:38:04.350504'),
(20, 22, 9, 1, '2024-11-11 08:56:17.512956'),
(46, 22, 8, 1, '2025-03-18 21:35:37.588478'),
(8, 22, 1, 1, '2025-03-04 07:13:46.476035'),
(21, 23, 8, 1, '2025-01-12 07:56:30.977552'),
(31, 23, 1, 1, '2025-04-01 01:05:52.067157'),
(17, 23, 4, 1, '2024-12-16 06:19:10.259247'),
(27, 23, 6, 1, '2025-02-11 05:44:46.249151'),
(5, 23, 9, 1, '2024-10-30 04:01:29.738949'),
(1, 24, 4, 0, NULL),
(11, 25, 9, 1, '2024-06-10 16:13:41.955223'),
(21, 25, 5, 0, NULL),
(46, 25, 6, 1, '2024-07-09 18:08:23.514436'),
(44, 25, 6, 1, '2024-06-17 01:45:19.787421'),
(5, 25, 2, 1, '2025-02-10 00:36:53.021422'),
(33, 25, 7, 1, '2024-05-06 22:47:37.095005'),
(7, 26, 10, 1, '2024-11-15 16:48:47.233942'),
(8, 26, 6, 1, '2024-09-09 02:10:51.257174'),
(46, 26, 7, 1, '2025-02-14 21:05:59.929793'),
(28, 26, 3, 1, '2024-11-14 19:59:55.659126'),
(43, 26, 9, 1, '2024-12-06 20:35:11.924848'),
(27, 26, 7, 1, '2024-05-28 20:08:18.193603'),
(28, 26, 1, 1, '2024-08-18 07:33:44.520296'),
(10, 27, 4, 1, '2025-04-27 10:36:15.908346'),
(8, 27, 4, 1, '2025-01-14 21:49:59.075581'),
(28, 29, 10, 1, '2024-11-05 08:30:57.995827'),
(8, 29, 7, 1, '2025-02-02 06:42:21.656733'),
(30, 29, 3, 1, '2025-02-22 01:35:23.068685'),
(21, 29, 8, 1, '2024-05-24 06:52:30.777152'),
(19, 29, 6, 1, '2025-04-17 12:02:29.479131'),
(20, 30, 8, 0, NULL),
(4, 30, 4, 1, '2024-12-17 22:58:48.287879'),
(20, 30, 4, 1, '2024-10-08 16:45:45.366370');


-- Product data
INSERT INTO product (product_id, sku, brand, name, description, list_price, cost_price, product_type)
VALUES
(1, 'PROD-0001', 'PawPerfect', 'Beds - Response', 'General there sister policy consider whom item treat area buy check clearly.', 94.34, 64.96, 'RETAIL'),
(2, 'PROD-0002', 'FurEver', 'Beds - Future', 'Generation wait thus suffer economy play nearly by.', 72.61, 44.37, 'RETAIL'),
(3, 'PROD-0003', 'CatLife', 'Collars - Floor', 'Move maybe collection walk child probably result painting successful nor stay agreement animal.', 38.95, 18.89, 'RETAIL'),
(4, 'PROD-0004', 'WhiskerLicious', 'Pastry - Put', 'Enough decision occur peace air threat nation politics few each southern image law.', 6.14, 3.4, 'CONSUMABLE'),
(5, 'PROD-0005', 'Cat Cafe House Brand', 'Cat Treat - Risk', 'Citizen indeed less future century technology.', 8.63, 5.63, 'CONSUMABLE'),
(6, 'PROD-0006', 'WhiskerLicious', 'Pastry - From', 'Wish candidate have no five letter environment easy best face.', 7.97, 4.53, 'CONSUMABLE'),
(7, 'PROD-0007', 'CatLife', 'Toys - If', 'Industry while total spend value return couple city you level these market bed.', 33.47, 22.77, 'RETAIL'),
(8, 'PROD-0008', 'Purr Bites', 'Pastry - Increase', 'Lead drive on any example our successful pull experience account blue care.', 4.83, 2.41, 'CONSUMABLE'),
(9, 'PROD-0009', 'CatLife', 'Carriers - Everything', 'Shake hand hundred now crime network available mean share evidence.', 59.56, 40.68, 'RETAIL'),
(10, 'PROD-0010', 'FurEver', 'Scratchers - Price', 'Budget window hour some fund voice sense current meeting matter and case four.', 67.75, 37.07, 'RETAIL'),
(11, 'PROD-0011', 'Whisker Essentials', 'Beds - Matter', 'Lead paper middle foreign party class wrong school federal from stock mother.', 22.6, 12.75, 'RETAIL'),
(12, 'PROD-0012', 'Meow Market', 'Scratchers - Section', 'Feel staff happy purpose woman on someone rise read ago listen whose situation.', 96.15, 53.57, 'RETAIL'),
(13, 'PROD-0013', 'Cat Cafe House Brand', 'Cat Treat - Stand', 'Officer return on color pick people subject challenge quite all way body affect.', 3.58, 1.44, 'CONSUMABLE'),
(14, 'PROD-0014', 'CatLife', 'Toys - Former', 'Charge real improve simple turn their save artist catch debate foot.', 73.65, 29.66, 'RETAIL'),
(15, 'PROD-0015', 'WhiskerLicious', 'Coffee - Recognize', 'Moment finish community treatment garden great sign return poor really particular court.', 10.41, 6.25, 'CONSUMABLE'),
(16, 'PROD-0016', 'Purr Bites', 'Cat Treat - Employee', 'Newspaper different win father eye debate relate first give.', 8.85, 3.56, 'CONSUMABLE'),
(17, 'PROD-0017', 'Cat Cafe House Brand', 'Coffee - World', 'Explain of myself time house generation significant chair among.', 9.35, 4.51, 'CONSUMABLE'),
(18, 'PROD-0018', 'Cat Cafe House Brand', 'Salad - Send', 'Get kind either look dark Mrs usually.', 12.76, 7.68, 'CONSUMABLE'),
(19, 'PROD-0019', 'Pawsome Treats', 'Coffee - Safe', 'Case past only drug prove most point appear including.', 14.02, 7.81, 'CONSUMABLE'),
(20, 'PROD-0020', 'Meow Market', 'Collars - Series', 'Beyond side accept nearly upon imagine various there local current white fly.', 32.72, 16.57, 'RETAIL'),
(21, 'PROD-0021', 'Cat Cafe House Brand', 'Pastry - Race', 'Traditional become off movement rich view.', 14.51, 7.8, 'CONSUMABLE'),
(22, 'PROD-0022', 'CatLife', 'Grooming - White', 'Individual study value already structure small control see.', 71.56, 46.83, 'RETAIL'),
(23, 'PROD-0023', 'Cat Cafe House Brand', 'Coffee - Turn', 'Theory across nothing blue work expect writer myself management.', 7.86, 4.03, 'CONSUMABLE'),
(24, 'PROD-0024', 'Cat Cafe House Brand', 'Cat Treat - Wrong', 'Surface life cover both class learn either.', 5.06, 2.78, 'CONSUMABLE'),
(25, 'PROD-0025', 'WhiskerLicious', 'Salad - Cultural', 'Say so nothing serious compare task.', 14.73, 10.2, 'CONSUMABLE'),
(26, 'PROD-0026', 'Cat Cafe House Brand', 'Tea - Watch', 'Still middle beautiful protect continue cell food easy end dog send.', 5.54, 3.66, 'CONSUMABLE'),
(27, 'PROD-0027', 'Purr Bites', 'Pastry - Girl', 'Old of end growth door property let civil rather.', 3.56, 1.5, 'CONSUMABLE'),
(28, 'PROD-0028', 'Meow Munch', 'Salad - Wind', 'Real police wait happen determine whatever long lawyer writer.', 10.9, 4.95, 'CONSUMABLE'),
(29, 'PROD-0029', 'Cat Cafe House Brand', 'Tea - Hour', 'Reduce tree serious soon stay seven quite other skin moment month.', 10.04, 6.28, 'CONSUMABLE'),
(30, 'PROD-0030', 'Purr Bites', 'Coffee - High', 'True born stock total dark Mr.', 6.59, 3.75, 'CONSUMABLE'),
(31, 'PROD-0031', 'Purr Bites', 'Cat Treat - Community', 'Take kind quite response major together knowledge argue car indeed.', 13.76, 6.87, 'CONSUMABLE'),
(32, 'PROD-0032', 'Pawsome Treats', 'Cat Treat - Organization', 'Next pull final against effort able.', 11.69, 6.43, 'CONSUMABLE'),
(33, 'PROD-0033', 'Cat Cafe House Brand', 'Coffee - Discover', 'Authority interest red must art thus worry line expert conference career political role.', 8.25, 5.38, 'CONSUMABLE'),
(34, 'PROD-0034', 'Meow Market', 'Collars - Kitchen', 'Year him thank trade heart radio product much president girl.', 45.7, 28.89, 'RETAIL'),
(35, 'PROD-0035', 'Whisker Essentials', 'Carriers - Could', 'Hotel camera without strong series without leg rest interest here discover leave.', 54.15, 27.44, 'RETAIL'),
(36, 'PROD-0036', 'Purr Bites', 'Tea - Clear', 'Country themselves she allow produce past view threat drive.', 11.16, 6.68, 'CONSUMABLE'),
(37, 'PROD-0037', 'Meow Market', 'Grooming - Audience', 'Order land public the each analysis keep.', 81.82, 50.23, 'RETAIL'),
(38, 'PROD-0038', 'CatLife', 'Carriers - Notice', 'Senior simply cell year doctor trouble office officer.', 74.05, 43.7, 'RETAIL'),
(39, 'PROD-0039', 'WhiskerLicious', 'Pastry - Spring', 'Down then worry miss including every news option same compare.', 4.28, 1.72, 'CONSUMABLE'),
(40, 'PROD-0040', 'Whisker Essentials', 'Grooming - Respond', 'New another general poor high modern recent impact feel contain Mrs.', 19.2, 8.18, 'RETAIL');


-- Retail Product data
INSERT INTO retail_product (product_id, weight_grams, dimensions, category)
VALUES
(1, 2211.8, '40x40x21 cm', 'Accessories'),
(2, 606.14, '10x27x22 cm', 'Toys'),
(3, 3024.93, '25x29x5 cm', 'Grooming'),
(7, 2127.67, '10x40x12 cm', 'Carriers'),
(9, 2653.41, '48x29x10 cm', 'Beds'),
(10, 1417.7, '22x36x9 cm', 'Toys'),
(11, 919.32, '22x31x14 cm', 'Accessories'),
(12, 3935.07, '28x21x12 cm', 'Food Bowls'),
(14, 3162.67, '43x44x11 cm', 'Accessories'),
(20, 624.16, '24x5x17 cm', 'Grooming'),
(22, 4223.91, '29x26x19 cm', 'Grooming'),
(34, 2210.02, '46x43x9 cm', 'Grooming'),
(35, 1671.26, '49x17x20 cm', 'Grooming'),
(37, 970.42, '30x25x14 cm', 'Food Bowls'),
(38, 3505.29, '36x41x30 cm', 'Beds'),
(40, 1696.84, '22x30x16 cm', 'Toys');


-- Consumable Product data
INSERT INTO consumable_product (product_id, requires_refrigeration, is_made_to_order, preparation_time, shelf_life_days)
VALUES
(4, 0, 0, '00:01:00', 11),
(5, 0, 1, '00:14:00', 4),
(6, 1, 1, '00:14:00', 2),
(8, 1, 1, '00:05:00', 11),
(13, 1, 0, '00:01:00', 5),
(15, 0, 1, '00:15:00', 7),
(16, 0, 1, '00:12:00', 8),
(17, 1, 1, '00:11:00', 1),
(18, 1, 0, '00:01:00', 2),
(19, 0, 1, '00:05:00', 11),
(21, 0, 1, '00:15:00', 6),
(23, 1, 0, '00:01:00', 1),
(24, 0, 1, '00:06:00', 9),
(25, 0, 1, '00:08:00', 7),
(26, 1, 0, '00:01:00', 6),
(27, 0, 1, '00:04:00', 5),
(28, 1, 0, '00:01:00', 2),
(29, 0, 1, '00:07:00', 6),
(30, 1, 0, '00:01:00', 9),
(31, 1, 1, '00:10:00', 2),
(32, 1, 1, '00:08:00', 2),
(33, 1, 0, '00:01:00', 13),
(36, 0, 0, '00:01:00', 14),
(39, 1, 0, '00:01:00', 11);


-- Ingredient data
INSERT INTO ingredient (name, unit_of_measure, allergen_flag)
VALUES
('Coffee Beans', 'ml', 0),
('Milk', 'l', 1),
('Sugar', 'lb', 1),
('Flour', 'ml', 0),
('Eggs', 'cup', 1),
('Butter', 'oz', 0),
('Chocolate', 'cup', 0),
('Vanilla Extract', 'ml', 0),
('Baking Powder', 'cup', 0),
('Salt', 'pinch', 0),
('Cinnamon', 'oz', 0),
('Whipped Cream', 'cup', 1),
('Caramel Syrup', 'l', 0),
('Coconut Milk', 'kg', 0),
('Almond Milk', 'lb', 1),
('Honey', 'tbsp', 1),
('Lemon', 'kg', 0),
('Blueberries', 'oz', 0),
('Strawberries', 'unit', 0),
('Bananas', 'cup', 0),
('Oats', 'pinch', 1),
('Almonds', 'tbsp', 0),
('Walnuts', 'pinch', 1),
('Peanut Butter', 'unit', 0),
('Cream Cheese', 'tsp', 0);


-- Consumable Product Ingredients data
INSERT INTO consumable_contains_ingredient (product_id, ingredient_id, quantity)
VALUES
(4, 3, 152.76),
(4, 22, 91.6),
(4, 5, 346.75),
(4, 11, 255.46),
(4, 4, 209.18),
(4, 8, 69.02),
(5, 14, 346.75),
(5, 6, 322.67),
(5, 16, 499.95),
(5, 21, 277.5),
(5, 18, 244.87),
(6, 6, 309.74),
(6, 11, 432.77),
(6, 15, 475.93),
(8, 5, 326.57),
(8, 7, 204.63),
(8, 13, 245.91),
(8, 18, 355.1),
(8, 17, 221.98),
(13, 3, 397.96),
(13, 19, 110.34),
(13, 1, 16.44),
(15, 18, 390.39),
(15, 10, 282.87),
(15, 6, 386.3),
(16, 18, 387.58),
(16, 17, 411.66),
(16, 4, 183.49),
(16, 19, 411.32),
(16, 9, 20.9),
(17, 18, 415.05),
(17, 7, 375.7),
(17, 14, 148.92),
(17, 4, 499.66),
(17, 24, 224.92),
(18, 3, 405.96),
(18, 15, 105.02),
(18, 4, 368.83),
(18, 25, 344.6),
(19, 21, 406.78),
(19, 14, 402.74),
(19, 6, 285.08),
(19, 20, 266.19),
(19, 5, 298.47),
(19, 7, 84.27),
(21, 10, 492.75),
(21, 19, 339.68),
(21, 9, 47.7),
(21, 17, 481.39),
(23, 2, 433.05),
(23, 9, 124.91),
(23, 21, 355.73),
(23, 5, 414.26),
(23, 23, 380.76),
(24, 16, 313.94),
(24, 5, 187.65),
(24, 19, 37.85),
(24, 21, 397.32),
(24, 9, 384.47),
(25, 17, 227.4),
(25, 24, 244.07),
(25, 9, 291.02),
(25, 23, 434.47),
(25, 12, 423.6),
(26, 24, 317.46),
(26, 15, 348.67),
(27, 18, 108.99),
(27, 13, 214.88),
(28, 16, 414.19),
(28, 9, 168.94),
(28, 11, 289.01),
(29, 16, 313.13),
(29, 11, 418.37),
(29, 22, 8.24),
(29, 2, 464.72),
(29, 23, 79.08),
(29, 4, 228.31),
(30, 7, 79.57),
(30, 23, 466.37),
(30, 5, 137.08),
(30, 21, 327.33),
(30, 10, 125.27),
(31, 22, 198.23),
(31, 21, 152.82),
(31, 6, 349.75),
(31, 2, 117.15),
(32, 23, 0.64),
(32, 4, 238.46),
(33, 19, 340.02),
(33, 8, 4.74),
(33, 17, 347.83),
(36, 14, 66.17),
(36, 23, 35.51),
(39, 3, 440.51),
(39, 24, 68.65),
(39, 4, 386.75),
(39, 11, 376.6),
(39, 12, 66.66);


-- Transaction data
INSERT INTO transaction (customer_id, employee_id, txn_datetime, amount, payment_type, payment_processor)
VALUES
(17, 6, '2024-07-24 08:39:48.525021', 55.4, 'Credit Card', 'Google Pay'),
(11, 29, '2024-07-18 15:42:37.422264', 73.63, 'Debit Card', 'Apple Pay'),
(11, 15, '2025-03-06 13:23:41.474762', 13.24, 'Credit Card', 'PayPal'),
(12, 32, '2024-06-19 01:44:49.039544', 38.4, 'Mobile Payment', 'Stripe'),
(8, 23, '2024-10-13 11:09:41.719656', 66.24, 'Debit Card', 'Google Pay'),
(21, 50, '2024-05-18 09:30:42.287210', 32.07, 'Credit Card', 'Stripe'),
(33, 45, '2024-09-25 01:49:33.572919', 22.92, 'Mobile Payment', 'Stripe'),
(27, 16, '2024-09-26 11:24:07.790126', 52.01, 'Credit Card', 'PayPal'),
(33, 6, '2024-11-06 22:10:30.756656', 55.19, 'Credit Card', 'Stripe'),
(17, 32, '2024-09-16 05:10:56.380588', 86.78, 'Gift Card', 'Apple Pay'),
(4, 14, '2024-07-29 11:37:29.269587', 77.46, 'Credit Card', 'Square'),
(25, 23, '2024-08-25 23:24:01.100366', 25.5, 'Credit Card', 'Apple Pay'),
(42, 45, '2024-05-26 05:30:23.792045', 77.88, 'Mobile Payment', 'Apple Pay'),
(NULL, 47, '2024-10-08 15:07:03.118972', 56.08, 'Debit Card', 'Stripe'),
(NULL, 6, '2024-09-09 21:10:13.498617', 53.57, 'Debit Card', 'PayPal'),
(19, 49, '2024-11-08 23:38:48.212728', 65.26, 'Credit Card', 'Stripe'),
(21, 16, '2025-02-24 06:46:14.179271', 10.5, 'Credit Card', 'Apple Pay'),
(33, 50, '2024-05-16 04:09:06.799281', 10.23, 'Debit Card', 'Square'),
(NULL, 13, '2024-09-12 02:33:29.213510', 71.64, 'Debit Card', 'Apple Pay'),
(44, 45, '2024-12-04 07:24:40.107569', 79.38, 'Cash', 'Cash Register'),
(17, 23, '2024-05-11 19:03:30.727556', 74.63, 'Credit Card', 'Square'),
(28, 23, '2024-05-23 22:24:14.835388', 54.77, 'Cash', 'Cash Register'),
(12, 6, '2025-02-15 05:46:06.119746', 52.13, 'Gift Card', 'Stripe'),
(NULL, 49, '2024-11-27 23:00:42.346240', 20.85, 'Debit Card', 'Stripe'),
(7, 49, '2024-12-28 14:10:05.867245', 69.04, 'Credit Card', 'PayPal'),
(25, 3, '2024-07-15 14:42:32.082539', 86.58, 'Credit Card', 'PayPal'),
(NULL, 29, '2024-07-12 15:27:56.820724', 41.38, 'Debit Card', 'PayPal'),
(20, 3, '2025-03-24 15:13:34.481809', 57.52, 'Mobile Payment', 'PayPal'),
(28, 26, '2024-08-16 02:04:03.483204', 30.77, 'Credit Card', 'Google Pay'),
(44, 3, '2025-03-25 08:25:07.754966', 22.04, 'Gift Card', 'Square'),
(30, 40, '2024-07-13 17:03:00.945299', 87.27, 'Cash', 'Cash Register'),
(46, 40, '2024-07-05 18:05:46.659858', 5.76, 'Debit Card', 'Stripe'),
(18, 50, '2025-01-23 03:59:16.232162', 28.05, 'Cash', 'Cash Register'),
(48, 15, '2025-01-25 03:21:29.604721', 74.58, 'Gift Card', 'PayPal'),
(5, 38, '2025-01-27 20:40:35.111868', 7.27, 'Gift Card', 'Stripe'),
(37, 2, '2025-03-27 08:10:01.589845', 95.34, 'Credit Card', 'Apple Pay'),
(21, 24, '2025-01-06 10:05:14.052653', 14.88, 'Gift Card', 'PayPal'),
(39, 13, '2025-01-09 09:27:38.368591', 72.61, 'Credit Card', 'Square'),
(7, 45, '2024-09-19 05:10:32.199495', 44.24, 'Cash', 'Cash Register'),
(21, 6, '2024-07-23 18:18:42.888623', 60.17, 'Gift Card', 'PayPal'),
(19, 6, '2024-08-22 19:35:38.927204', 61.23, 'Credit Card', 'Apple Pay'),
(17, 16, '2024-08-08 17:37:23.368516', 32.71, 'Cash', 'Cash Register'),
(19, 26, '2024-10-14 15:26:01.702783', 35.22, 'Cash', 'Cash Register'),
(1, 13, '2024-12-20 06:55:47.063792', 79.09, 'Gift Card', 'Square'),
(36, 40, '2024-08-17 23:56:59.601759', 49.28, 'Mobile Payment', 'Square'),
(10, 15, '2024-09-05 16:57:09.263442', 47.93, 'Mobile Payment', 'Stripe'),
(30, 14, '2025-03-15 18:54:42.718333', 81.72, 'Cash', 'Cash Register'),
(37, 50, '2024-10-14 13:16:26.314214', 8.83, 'Cash', 'Cash Register'),
(37, 16, '2025-02-14 13:41:31.191186', 97.0, 'Mobile Payment', 'Google Pay'),
(NULL, 24, '2025-01-16 04:53:53.411872', 29.72, 'Debit Card', 'Square'),
(20, 40, '2025-01-30 12:39:03.314459', 57.82, 'Gift Card', 'PayPal'),
(NULL, 9, '2024-08-22 07:28:56.226493', 81.37, 'Debit Card', 'Square'),
(NULL, 16, '2024-07-10 12:57:39.615904', 17.42, 'Mobile Payment', 'Stripe'),
(42, 6, '2024-08-19 15:23:36.538074', 60.32, 'Cash', 'Cash Register'),
(30, 2, '2024-05-14 01:07:29.323061', 99.73, 'Debit Card', 'Apple Pay'),
(30, 26, '2025-03-08 22:45:16.223854', 16.64, 'Mobile Payment', 'Square'),
(12, 38, '2025-01-23 02:02:04.624528', 83.06, 'Mobile Payment', 'Apple Pay'),
(NULL, 38, '2024-05-03 06:34:26.133843', 21.42, 'Debit Card', 'PayPal'),
(11, 13, '2024-11-15 10:35:25.936448', 8.29, 'Gift Card', 'Google Pay'),
(18, 41, '2024-11-26 15:52:39.456045', 44.14, 'Gift Card', 'Apple Pay'),
(NULL, 23, '2025-01-15 07:50:45.636401', 41.39, 'Mobile Payment', 'PayPal'),
(27, 45, '2024-08-13 03:58:44.086118', 28.67, 'Gift Card', 'Square'),
(27, 29, '2024-07-08 00:09:51.292880', 50.57, 'Mobile Payment', 'Stripe'),
(44, 26, '2024-07-20 08:40:56.055868', 41.9, 'Debit Card', 'Square'),
(8, 2, '2024-11-21 11:01:56.227970', 90.1, 'Cash', 'Cash Register'),
(NULL, 41, '2024-07-26 02:24:16.254032', 55.3, 'Gift Card', 'PayPal'),
(34, 16, '2024-11-14 11:11:40.029013', 67.4, 'Cash', 'Cash Register'),
(27, 3, '2025-04-06 22:34:40.573428', 77.58, 'Debit Card', 'Google Pay'),
(27, 32, '2024-08-28 15:24:05.994369', 38.71, 'Debit Card', 'PayPal'),
(22, 29, '2025-01-31 03:49:48.736947', 91.83, 'Credit Card', 'Stripe'),
(12, 13, '2024-10-22 19:31:46.073575', 58.5, 'Debit Card', 'Apple Pay'),
(36, 41, '2025-01-16 14:55:46.095139', 8.61, 'Credit Card', 'PayPal'),
(25, 45, '2025-01-22 11:29:54.466114', 50.41, 'Cash', 'Cash Register'),
(1, 13, '2024-10-12 15:54:38.045174', 37.37, 'Debit Card', 'Stripe'),
(NULL, 13, '2025-01-19 23:41:59.031928', 60.73, 'Debit Card', 'Square'),
(20, 29, '2024-09-02 23:29:09.369544', 96.25, 'Cash', 'Cash Register'),
(4, 32, '2024-06-17 11:14:13.337367', 60.67, 'Cash', 'Cash Register'),
(17, 14, '2024-11-12 23:17:17.207369', 74.57, 'Mobile Payment', 'Apple Pay'),
(36, 47, '2024-07-03 13:42:45.979571', 70.89, 'Gift Card', 'Stripe'),
(12, 14, '2025-03-18 04:21:00.671981', 40.95, 'Cash', 'Cash Register');


-- Order data
INSERT INTO `order` (transaction_id, order_comment)
VALUES
(38, NULL),
(34, 'Regular order'),
(12, 'To-go order'),
(9, NULL),
(48, 'Special request: extra whipped cream'),
(28, 'Custom order'),
(36, 'To-go order'),
(55, 'Special request: extra whipped cream'),
(42, 'Regular order'),
(33, 'Regular order'),
(20, 'Birthday celebration order'),
(30, 'Special request: extra whipped cream'),
(65, 'Special request: extra whipped cream'),
(56, 'To-go order'),
(75, NULL),
(54, 'Custom order'),
(66, NULL),
(2, NULL),
(3, 'Custom order'),
(15, 'Birthday celebration order'),
(58, NULL),
(8, 'Birthday celebration order'),
(52, 'Birthday celebration order'),
(62, 'Special request: extra whipped cream'),
(68, 'Regular order'),
(26, 'Regular order'),
(59, 'To-go order'),
(35, 'Custom order'),
(40, 'Custom order'),
(13, 'To-go order'),
(18, 'Special request: extra whipped cream'),
(44, 'Regular order'),
(39, 'Birthday celebration order'),
(32, 'Regular order'),
(37, 'To-go order'),
(61, 'Regular order'),
(27, 'Birthday celebration order'),
(76, NULL),
(25, NULL),
(4, 'Custom order'),
(50, 'To-go order'),
(7, 'Special request: extra whipped cream'),
(49, 'Regular order'),
(79, 'Regular order'),
(77, 'Special request: extra whipped cream'),
(69, 'Special request: extra whipped cream'),
(16, NULL),
(70, 'Birthday celebration order');


-- Reservation data
INSERT INTO reservation (transaction_id, cat_id, visit_id, check_in_status)
VALUES
(80, 3, 5, 'SCHEDULED'),
(78, 10, 7, 'CHECKED_IN'),
(71, 16, 4, 'CANCELLED'),
(22, 9, 1, 'CANCELLED'),
(47, 18, 6, 'SCHEDULED'),
(60, 12, 10, 'CHECKED_IN'),
(67, 6, 3, 'SCHEDULED'),
(46, 9, 10, 'CHECKED_IN'),
(53, 9, 2, 'CHECKED_IN'),
(6, 19, 1, 'SCHEDULED'),
(57, 25, 3, 'SCHEDULED'),
(72, 22, 9, 'CANCELLED'),
(11, 14, 1, 'SCHEDULED'),
(21, 18, 2, 'CHECKED_IN'),
(63, 27, 3, 'CHECKED_IN'),
(45, 18, 7, 'CHECKED_IN'),
(31, 19, 10, 'CHECKED_IN'),
(10, 10, 10, 'CHECKED_IN'),
(43, 29, 6, 'SCHEDULED'),
(19, 17, 4, 'CANCELLED'),
(64, 26, 1, 'CANCELLED'),
(14, 20, 2, 'SCHEDULED'),
(29, 25, 7, 'SCHEDULED'),
(41, 6, 3, 'SCHEDULED');


-- Refund data
INSERT INTO refund (transaction_id, refund_reason, refund_comment)
VALUES
(24, 'Service issue', 'Full refund provided'),
(5, 'Double charge', 'Full refund provided'),
(73, 'Store credit', 'Manager approved'),
(51, 'Service issue', 'Partial refund'),
(74, 'Reservation cancellation', 'Refund with store credit'),
(1, 'Product quality issue', 'Full refund provided'),
(23, 'Customer dissatisfaction', 'Manager approved'),
(17, 'Reservation cancellation', 'Manager approved');


-- Order Item data
INSERT INTO order_item (order_id, product_id, quantity, unit_price)
VALUES
(38, 21, 3, 16.71),
(38, 18, 3, 20.2),
(38, 34, 1, 12.12),
(38, 30, 1, 15.47),
(38, 1, 3, 19.68),
(34, 7, 3, 20.15),
(12, 35, 2, 11.43),
(12, 23, 2, 15.58),
(12, 27, 2, 3.82),
(9, 26, 3, 17.98),
(9, 10, 2, 3.85),
(9, 40, 2, 18.19),
(48, 31, 2, 22.73),
(28, 22, 2, 9.84),
(36, 7, 3, 12.75),
(36, 15, 2, 8.93),
(36, 9, 2, 16.31),
(36, 20, 1, 7.13),
(55, 27, 3, 22.08),
(55, 32, 1, 14.34),
(42, 5, 3, 14.15),
(42, 20, 1, 20.17),
(33, 37, 1, 3.73),
(33, 2, 1, 23.2),
(33, 12, 3, 7.38),
(33, 13, 2, 21.12),
(33, 4, 3, 11.73),
(20, 2, 1, 11.19),
(30, 29, 2, 10.57),
(30, 12, 2, 19.48),
(30, 31, 3, 4.99),
(30, 38, 1, 11.5),
(30, 36, 1, 21.78),
(65, 15, 2, 17.33),
(65, 14, 3, 3.44),
(56, 31, 1, 17.24),
(75, 1, 3, 24.27),
(75, 15, 3, 9.06),
(75, 17, 2, 21.73),
(75, 39, 2, 8.54),
(75, 20, 2, 9.65),
(54, 40, 3, 24.99),
(54, 26, 2, 15.35),
(54, 38, 3, 16.4),
(54, 7, 2, 18.06),
(54, 1, 2, 4.4),
(66, 21, 3, 18.64),
(66, 18, 3, 9.57),
(66, 17, 1, 14.38),
(2, 4, 2, 17.53),
(2, 39, 3, 6.08),
(3, 32, 2, 8.71),
(15, 26, 3, 24.88),
(15, 25, 1, 10.55),
(15, 3, 3, 7.89),
(15, 38, 3, 17.04),
(58, 23, 3, 22.28),
(58, 33, 1, 9.46),
(58, 20, 2, 5.81),
(58, 11, 2, 18.95),
(8, 12, 1, 19.37),
(8, 22, 2, 12.25),
(8, 6, 2, 11.18),
(8, 15, 3, 9.47),
(8, 23, 1, 13.35),
(52, 38, 3, 5.64),
(52, 40, 3, 11.4),
(52, 5, 2, 12.09),
(52, 31, 1, 6.02),
(52, 13, 1, 10.54),
(62, 30, 2, 10.32),
(62, 10, 1, 9.9),
(62, 21, 1, 3.1),
(62, 12, 2, 7.61),
(62, 6, 1, 15.68),
(68, 32, 1, 16.52),
(68, 6, 3, 12.45),
(26, 31, 3, 7.39),
(26, 25, 2, 23.9),
(26, 1, 2, 19.65),
(26, 3, 3, 7.19),
(59, 16, 1, 18.26),
(35, 20, 2, 14.07),
(35, 9, 2, 6.67),
(35, 7, 1, 9.56),
(40, 30, 3, 10.43),
(40, 34, 3, 24.9),
(40, 39, 2, 24.92),
(13, 23, 1, 8.03),
(13, 13, 3, 24.67),
(13, 11, 1, 19.15),
(13, 26, 3, 14.1),
(18, 24, 3, 17.31),
(44, 25, 3, 8.63),
(39, 40, 1, 18.17),
(39, 4, 2, 12.77),
(39, 39, 1, 15.04),
(39, 7, 2, 18.44),
(39, 2, 1, 18.29),
(32, 20, 2, 17.56),
(37, 18, 1, 14.25),
(37, 40, 3, 5.59),
(37, 39, 1, 20.26),
(37, 9, 2, 7.37),
(37, 27, 1, 20.12),
(61, 13, 1, 15.06),
(61, 23, 1, 18.14),
(61, 27, 2, 10.27),
(61, 19, 1, 3.28),
(61, 11, 1, 22.95),
(27, 32, 3, 18.92),
(27, 10, 2, 17.18),
(27, 6, 2, 24.75),
(27, 33, 2, 8.81),
(27, 5, 1, 5.2),
(76, 3, 2, 20.64),
(76, 19, 2, 12.37),
(25, 7, 1, 3.21),
(4, 11, 2, 22.68),
(4, 22, 3, 8.9),
(50, 24, 2, 7.02),
(7, 26, 3, 21.71),
(7, 30, 2, 17.27),
(7, 18, 1, 5.49),
(7, 25, 3, 18.98),
(49, 7, 3, 13.62),
(49, 27, 3, 17.92),
(79, 40, 2, 16.45),
(79, 25, 3, 22.36),
(77, 31, 1, 22.53),
(77, 32, 2, 4.01),
(69, 21, 3, 15.69),
(69, 1, 3, 7.93),
(69, 34, 3, 22.21),
(16, 34, 2, 10.61),
(16, 40, 3, 17.11),
(16, 7, 1, 21.46),
(16, 28, 3, 22.63),
(16, 16, 3, 4.2),
(70, 33, 2, 22.13),
(70, 31, 1, 19.53);


-- Event Organisation data
INSERT INTO event_organisation (employee_id, event_id)
VALUES
(16, 1),
(26, 1),
(3, 2),
(45, 2),
(47, 3),
(32, 4),
(50, 4),
(16, 4),
(40, 5),
(49, 6),
(40, 6),
(41, 7),
(26, 8),
(9, 8),
(2, 9),
(9, 9),
(38, 10),
(3, 10),
(47, 11),
(2, 11),
(6, 11),
(50, 12),
(24, 12),
(45, 12),
(15, 13),
(40, 13),
(26, 13),
(3, 14),
(16, 14),
(26, 15),
(47, 15);


-- Transaction Visit data
INSERT INTO transaction_visit (transaction_id, cat_id, visit_id)
VALUES
(28, 22, 5),
(36, 12, 1),
(33, 29, 7),
(75, 7, 1),
(54, 28, 9),
(66, 27, 4),
(3, 14, 5),
(59, 16, 7),
(40, 30, 4),
(32, 19, 10),
(61, 13, 5),
(79, 11, 5),
(69, 14, 1),
(80, 23, 1),
(60, 20, 4),
(67, 12, 2),
(21, 12, 4),
(64, 28, 9),
(41, 5, 2),
(5, 25, 5),
(74, 2, 9),
(1, 18, 2);

